time_s,sample_us,dt_us,ax_mps2,ay_mps2,az_mps2,gx_dps,gy_dps,gz_dps,qw,qx,qy,qz,roll_deg,pitch_deg,yaw_deg,confidence,quality_flags,gyro_dps,accel_mps2,q_norm
0.0,848612586,4628,0.0287,0.0359,-9.7484,-1.96,-0.56,0.84,0.998364,-0.0007966,0.0013323,-0.0571575,-0.1,0.147,353.447,1.0,12033,2.204722204723307,9.748508350511887,1.0000000329485494
0.053001,848665587,4999,0.0431,-0.0215,-9.7484,-1.68,-0.28,0.49,0.9983698,-0.0008999,0.0012401,-0.0570565,-0.111,0.136,353.458,1.0,12033,1.7722584461641027,9.748518985979358,1.0000000247061547
0.105002,848717588,4999,0.0431,-0.0287,-9.7484,-2.1,-0.63,0.98,0.998368,-0.0008572,0.0013889,-0.0570853,-0.107,0.153,353.455,1.0,12033,2.401520351777182,9.748537524162279,1.0000000293675697
0.156001,848768587,4998,0.0431,-0.0072,-9.7484,-1.89,-0.56,0.84,0.9983689,-0.0010111,0.0014521,-0.0570657,-0.125,0.16,353.457,1.0,12033,2.142731901101955,9.748497936092514,1.000000042760659
0.208001,848820587,4998,0.0359,-0.0359,-9.7555,-1.54,-0.42,0.84,0.9983662,-0.0011032,0.0013997,-0.057112,-0.135,0.153,353.452,1.0,12033,1.8037738217415176,9.755632110222278,1.000000013028385
0.259001,848871587,4999,0.1436,0.0431,-9.7053,-2.24,-0.7,0.63,0.9983677,-0.0012345,0.0012507,-0.0570874,-0.149,0.135,353.455,1.0,12033,2.4299176940793696,9.70645798734018,1.0000000619413931
0.311002,848923588,5000,0.0431,0.0215,-9.655,-2.1,-0.7,0.49,0.998363,-0.0013959,0.0012438,-0.0571667,-0.168,0.133,353.445,1.0,12033,2.2671788636982306,9.655120137005028,1.0000001034665646
0.362001,848974587,5000,0.0359,0.0144,-9.6407,-1.82,-0.28,0.98,0.9983639,-0.0015224,0.0012754,-0.0571459,-0.183,0.136,353.448,1.0,12033,2.0859530196051876,9.64077759623154,1.0000000375284692
0.414003,849026589,5003,0.0502,0.0215,-9.7986,-1.68,-0.49,0.77,0.9983639,-0.0017813,0.0012624,-0.0571388,-0.212,0.133,353.449,1.0,12033,1.9119100397246727,9.798752178211265,1.000000042986049
0.465001,849077587,4999,0.0861,0.0861,-9.6838,-1.89,-0.63,0.84,0.9983634,-0.0018744,0.0011659,-0.0571448,-0.222,0.121,353.448,1.0,12033,2.16208232960727,9.684565496706602,0.9999999396623832
0.517003,849129589,4899,0.0431,0.0144,-9.7268,-1.75,-0.56,0.77,0.9983672,-0.0020179,0.0011169,-0.0570753,-0.238,0.115,353.456,1.0,12033,1.992234925906079,9.726906147897184,0.9999999876459749
0.568003,849180589,5000,0.0072,0.079,-9.813,-1.54,-0.49,0.7,0.9983654,-0.0021817,0.0010075,-0.057104,-0.256,0.101,353.453,1.0,12033,1.7611643875572773,9.813320632691058,1.0000000568021483
0.620001,849232587,5001,0.0144,-0.0144,-9.8632,-1.89,-0.77,0.77,0.9983648,-0.0020862,0.0010884,-0.0571154,-0.246,0.111,353.451,1.0,12033,2.1812611031236036,9.863221023580483,0.9999999898206
0.671002,849283588,5000,0.0431,0.079,-9.7771,-2.1,-0.35,0.42,0.9983643,-0.0020465,0.0010565,-0.0571259,-0.241,0.107,353.45,1.0,12033,2.17,9.777514153403207,0.9999999741598996
0.723001,849335587,4898,0.0144,0.0431,-9.7412,-1.89,-0.42,0.98,0.9983614,0.0007261,0.0022135,-0.0571767,0.069,0.258,353.445,1.0,12033,2.17,9.741305990984987,1.000000043418154
0.774002,849386588,4999,0.0646,0.0,-9.7986,-2.24,-0.7,0.77,0.9983578,0.0003333,0.0021332,-0.0572463,0.024,0.246,353.437,1.0,16131,2.4699190270128293,9.798812944433626,1.0000000486578289
0.825002,849437588,4631,0.0072,-0.0718,-9.6909,-1.82,-0.77,0.63,0.9983522,3.12e-05,0.0018755,-0.0573535,-0.009,0.215,353.424,1.0,12033,2.074174534604068,9.69116865450189,1.0000000288403896
0.876001,849488587,5001,0.0287,-0.0072,-9.7914,-1.82,-0.42,0.77,0.9983522,-0.0004419,0.0017074,-0.0573574,-0.062,0.192,353.424,1.0,12033,2.020321756552654,9.79144470903043,1.0000000485349838
0.928002,849540588,5000,0.0502,0.0431,-9.6909,-1.89,-0.91,0.63,0.9983488,-0.0006011,0.0017035,-0.0574145,-0.08,0.191,353.417,1.0,12033,2.1902282986026824,9.69112586132282,1.000000007252575
0.979003,849591589,5002,0.0574,-0.0072,-9.6909,-1.75,-0.63,0.98,0.9983368,0.0029845,0.0031381,-0.0574884,0.321,0.379,353.41,1.0,12033,2.102332038475369,9.691072665603121,1.00000001864033
1.031003,849643589,5001,0.0431,1.8233,-9.7627,-1.75,-0.56,0.98,0.9983316,0.0010109,0.0021343,-0.0576939,0.102,0.251,353.385,1.0,12033,2.0824264692900925,9.931595631619322,1.0000000734055323
1.082003,849694589,5002,0.0502,-0.0215,-9.7125,-1.89,-0.7,0.63,0.9983248,0.0005796,0.0020233,-0.0578207,0.053,0.235,353.371,1.0,12033,2.11163443805977,9.712653527229314,1.0000000346612894
1.133003,849745589,4635,0.0431,0.0287,-9.8704,-1.89,-0.49,0.77,0.9983243,0.0001661,0.0019217,-0.0578358,0.006,0.221,353.369,1.0,12033,2.098833009079093,9.87053582436131,1.0000000541261136
1.184003,849796589,5000,0.0646,0.0144,-9.7699,-1.96,-0.42,0.84,0.9983241,-6.53e-05,0.0017218,-0.0578464,-0.019,0.197,353.368,1.0,12033,2.173384457476403,9.77012418191294,1.000000091746546
1.236003,849848589,5002,0.0502,-0.0431,-9.7986,-1.96,-0.56,0.84,0.9983216,-0.0005557,0.0015621,-0.05789,-0.074,0.175,353.362,1.0,12033,2.204722204723307,9.79882337885524,1.0000000090427301
1.287001,849899587,4999,0.0574,0.0933,-9.6909,-1.89,-0.56,0.63,0.9983213,-0.0020831,0.0009381,-0.0578749,-0.245,0.094,353.364,1.0,12033,2.069444369873228,9.691519099707744,1.0000000707104575
1.339002,849951588,4893,0.0933,0.0574,-9.7986,-2.03,-0.56,0.21,0.9983224,-0.0021954,0.0008711,-0.0578532,-0.257,0.085,353.367,1.0,12033,2.116270304096336,9.799212295383748,1.0000000928441808
1.39,850002586,5000,0.0646,0.0646,-9.8058,-2.24,-0.77,0.7,0.9983227,-0.0022509,0.0007507,-0.0578475,-0.262,0.071,353.367,1.0,12033,2.4699190270128293,9.806225571543823,1.000000088346416
1.442003,850054589,5000,0.0574,0.0359,-9.8417,-1.75,-0.49,1.12,0.9983228,-0.0021546,0.0007081,-0.0578485,-0.251,0.067,353.367,1.0,12033,2.134713095476767,9.841932861994131,1.0000000028294298
1.493002,850105588,5000,0.079,0.0072,-9.7699,-1.75,-0.56,0.7,0.9983201,-0.002112,0.000753,-0.057896,-0.247,0.072,353.362,1.0,16131,1.9662400667263396,9.770222047118478,0.9999999982165051
1.545001,850157587,5001,0.0359,0.0072,-9.734,-1.96,-0.42,0.56,0.9983183,-0.0020042,0.0008628,-0.0579291,-0.235,0.085,353.358,1.0,16131,2.081249624624591,9.734068864046524,0.9999999849915898
1.596003,850208589,5000,0.1005,0.0431,-9.7196,-1.61,-0.63,0.84,0.9983118,-0.0022697,0.0009258,-0.0580306,-0.266,0.091,353.346,1.0,12033,1.9221342304844373,9.720215122105065,1.0000000045996649
1.648002,850260588,5002,-0.0215,-0.0287,-9.7484,-2.03,-0.7,0.63,0.9983094,-0.002097,0.0009933,-0.0580774,-0.247,0.1,353.341,1.0,12033,2.2378114308404093,9.748465956241526,1.000000013286505
1.699001,850311587,5000,0.0359,0.0144,-9.734,-1.89,-0.49,0.49,0.9983097,-0.0020154,0.0010117,-0.0580749,-0.237,0.102,353.341,1.0,12033,2.013032538236777,9.734076852480671,1.0000000182490747
1.751,850363586,4998,0.0933,0.0574,-9.7699,-2.03,-1.12,0.56,0.9982988,0.0006629,0.002185,-0.0582614,0.061,0.254,353.32,1.0,12033,2.3851415052361147,9.770514093946131,1.0000000492364038
1.802002,850414588,5000,0.0431,0.0144,-9.7914,-2.1,-0.77,0.77,0.9982957,-0.0032548,0.000413,-0.0582677,-0.375,0.026,353.319,1.0,12033,2.3655443348202123,9.79150544758057,1.0000000968969054
1.854002,850466588,5001,0.0287,0.1077,-9.7699,-2.17,-0.35,0.84,0.9982939,-0.0031101,0.0004795,-0.0583044,-0.359,0.034,353.315,1.0,12033,2.3530830839560255,9.770535757572356,1.000000008239415
1.905002,850517588,5000,0.0646,0.0072,-9.7484,-1.61,-0.42,0.63,0.9982928,-0.0025774,-0.0004423,-0.0583511,-0.292,-0.068,353.31,1.0,16131,1.779157103799437,9.748616699819518,1.0000001020115448
1.957002,850569588,5002,0.0215,0.0502,-9.8345,-1.96,-0.49,0.7,0.9982955,-0.0024082,-0.0002537,-0.0583129,-0.274,-0.045,353.314,1.0,16131,2.138153408902177,9.834651622706318,1.0000000817087917
2.008002,850620588,5002,0.0287,0.0359,-9.7914,-1.96,-0.7,0.84,0.9982952,-0.0010115,0.000634,-0.0583533,-0.12,0.066,353.309,1.0,12033,2.2443707358633955,9.791507874684061,0.9999999195260868
2.060003,850672589,5002,0.0359,0.0718,-9.7771,-1.61,-0.56,0.7,0.9982936,-0.0010448,0.0006004,-0.0583834,-0.124,0.062,353.306,1.0,12033,1.8427425213523456,9.777429542574062,1.0000000926418557
2.111002,850723588,5001,0.0574,0.0287,-9.7268,-2.03,-0.63,0.7,0.9982936,-0.0012701,0.0006985,-0.0583761,-0.15,0.071,353.307,1.0,12033,2.2378114308404093,9.727011704012698,0.999999990954215
2.163001,850775587,5001,0.0215,0.0144,-9.8632,-2.31,-0.63,0.77,0.9982978,-0.0014427,0.0007214,-0.0583003,-0.17,0.073,353.315,1.0,12033,2.5151341912510357,9.863233944807353,1.0000000121330899
2.214001,850826587,4999,0.0502,0.0933,-9.7699,-2.17,-0.42,0.77,0.9982991,-0.0016697,0.0007177,-0.0582723,-0.196,0.071,353.319,1.0,12033,2.3405554896220684,9.770474448050104,1.0000000284997397
2.266003,850878589,4901,0.0144,-0.0215,-9.6909,-2.17,-0.56,0.84,0.9983004,-0.0017489,0.0007574,-0.0582461,-0.205,0.075,353.322,1.0,12033,2.393344939619026,9.690934548329174,0.9999999645556693
2.317001,850929587,4999,0.1149,0.1077,-9.7484,-2.03,-0.35,0.49,0.9982971,-0.0017605,0.0007986,-0.0583017,-0.207,0.08,353.315,1.0,16131,2.117427684715584,9.749671987302957,0.9999999626067544
2.369,850981586,5000,0.1149,-0.0072,-9.6909,-2.03,-0.35,0.91,0.9982878,-0.0029947,0.0003493,-0.058417,-0.345,0.02,353.302,1.0,16131,2.2519991119003575,9.69158380555005,1.0000000838782066
2.42,851032586,4999,0.0646,0.0718,-9.7125,-2.03,-0.77,0.63,0.9982855,-0.0029247,0.0004997,-0.0584575,-0.338,0.038,353.297,1.0,12033,2.26068573667372,9.712980214640613,1.00000001119334
2.472002,851084588,5000,0.0431,0.0287,-9.7484,-2.17,-0.91,0.56,0.9982804,-0.0027526,0.0005939,-0.0585526,-0.319,0.049,353.286,1.0,12033,2.4188013560439394,9.748537524162279,1.000000046757444
2.523,851135586,4997,0.122,0.0359,-9.6981,-2.03,-0.7,0.91,0.998275,-0.0027795,0.0005245,-0.0586428,-0.321,0.041,353.276,1.0,12033,2.3321663748540753,9.698933777482967,0.9999999771686697
2.575003,851187589,5001,0.0861,-0.0144,-9.7125,-1.82,-1.05,0.7,0.9982774,-0.0014462,0.0011748,-0.0586428,-0.173,0.125,353.276,1.0,12033,2.2147008827378927,9.712892299413188,1.000000108496034
2.626003,851238589,5003,0.0502,0.0646,-9.8417,-1.89,-0.35,0.84,0.9982745,-0.0015544,0.001099,-0.0586892,-0.185,0.115,353.271,1.0,12033,2.0976653689280376,9.842040037004523,1.000000011753625
2.678,851290586,4997,0.0359,0.0215,-9.655,-1.96,-0.63,0.63,0.9982693,-0.0016567,0.0010078,-0.0587771,-0.196,0.104,353.261,1.0,12033,2.152997909892158,9.655090681086325,1.0000000515613139
2.729,851341586,4997,0.0287,0.1077,-9.6766,-1.68,-0.49,1.26,0.998261,-0.0018456,0.0009072,-0.0589134,-0.217,0.091,353.245,1.0,12033,2.156409052104911,9.677241887025456,1.0000000210358797
2.781001,851393587,4998,-0.0144,-0.0215,-9.7412,-2.03,-0.77,0.35,0.9982591,-0.0030456,0.0004199,-0.0589015,-0.351,0.027,353.246,1.0,16131,2.1991589301367007,9.74123436993485,1.0000000347152145
2.832002,851444588,4999,0.0,-0.0072,-9.7555,-1.96,-0.63,0.63,0.9982632,-0.0028714,0.0005119,-0.0588395,-0.332,0.039,353.253,1.0,12033,2.152997909892158,9.755502656962376,1.00000000510703
2.884,851496586,4998,0.0502,0.0,-9.7196,-1.89,-0.7,0.7,0.9982669,-0.0025132,0.0004584,-0.0587934,-0.291,0.036,353.259,1.0,12033,2.133565091577944,9.719729636157581,0.9999999969119849
2.935003,851547589,5003,0.0646,0.1005,-9.7914,-1.89,-0.49,0.63,0.9982734,-0.0024732,0.0005767,-0.058684,-0.287,0.049,353.271,1.0,12033,2.051609124565398,9.792128847702116,1.0000000211523448
2.987003,851599589,5001,0.0359,-0.0215,-9.7484,-1.75,-0.35,0.77,0.9982815,-0.002386,0.0006926,-0.0585479,-0.278,0.063,353.287,1.0,12033,1.9436820727680748,9.748489812273489,0.99999999126371
3.038002,851650588,5002,0.0502,0.0359,-9.7268,-1.82,-0.49,0.56,0.9982806,-0.0033828,5.49e-05,-0.0585185,-0.387,-0.016,353.29,1.0,12033,1.9662400667263396,9.726995789553937,1.00000000876423
3.090001,851702587,5001,0.0359,0.0144,-9.6838,-1.82,-0.42,0.84,0.9982834,-0.0033277,0.0002857,-0.0584742,-0.383,0.01,353.295,1.0,12033,2.048023437365891,9.683877250874259,1.0000000669964877
3.141,851753586,4999,0.0574,-0.0144,-9.7914,-1.54,-0.56,0.91,0.9982901,-0.0030191,0.0005064,-0.058375,-0.349,0.038,353.307,1.0,12033,1.874379897459424,9.791578834896852,1.0000000678943877
3.193002,851805588,5000,0.079,0.0574,-9.7555,-1.89,-0.56,0.7,0.9983019,-0.0017208,0.0008737,-0.0582215,-0.203,0.088,353.324,1.0,12033,2.091817391647751,9.75598872539324,1.0000000755550922
3.244003,851856589,5003,0.0933,0.0359,-9.734,-1.75,-0.77,1.05,0.9982989,-0.0018065,0.0010031,-0.0582676,-0.213,0.103,353.319,1.0,12033,2.1812611031236036,9.734513326304505,1.0000000383014143
3.296001,851908587,4900,0.0359,0.0215,-9.6981,-1.89,-0.42,0.42,0.9982985,-0.0018295,0.0008081,-0.0582757,-0.215,0.08,353.318,1.0,12033,1.9811360377318867,9.698190278087969,0.9999999762042997
3.347003,851959589,5000,0.0431,-0.0215,-9.7771,-1.96,-0.42,0.63,0.9983,-0.0017526,0.0009377,-0.0582527,-0.207,0.096,353.321,1.0,12033,2.1011663427725087,9.7772186367085,1.000000108972664
3.399002,852011588,5002,0.079,0.0072,-9.7196,-1.82,-0.56,0.42,0.9983027,-0.0018777,0.0009463,-0.0582021,-0.221,0.096,353.327,1.0,12033,1.9499743588057767,9.719923713692408,1.0000000932563355
3.45,852062586,4999,0.0072,0.1005,-9.8632,-1.75,-0.56,0.77,0.9983023,-0.0020099,0.0010342,-0.0582008,-0.237,0.105,353.327,1.0,12033,1.992234925906079,9.86371463141549,0.9999999622867892
3.502001,852114587,5000,0.0431,-0.0072,-9.7268,-1.75,-0.49,0.77,0.9983047,-0.0018842,0.0010908,-0.0581643,-0.223,0.112,353.331,1.0,12033,1.9737021051820358,9.726898153573934,1.000000049945429
3.553003,852165589,5002,0.0215,0.0287,-9.7268,-2.24,-0.7,0.7,0.9983014,-0.0018716,0.0010346,-0.0582211,-0.221,0.106,353.324,1.0,12033,2.4489997958350265,9.726866102707492,0.9999999775054448
3.605002,852217588,5002,0.0072,0.0359,-9.7914,-2.1,-0.56,0.63,0.9983026,-0.0020471,0.0010953,-0.0581927,-0.241,0.112,353.328,1.0,12033,2.262852182534246,9.79146846034853,0.9999999309002726
3.656003,852268589,5002,0.0933,0.0861,-9.6766,-1.89,-0.49,0.77,0.9982971,-0.0022537,0.0010097,-0.0582819,-0.265,0.1,353.317,1.0,16131,2.098833009079093,9.677432803176679,0.9999999891968999
3.708,852320586,4999,0.1364,0.0215,-9.6694,-2.03,-0.42,0.84,0.9982935,-0.0021555,0.0007658,-0.0583516,-0.252,0.073,353.309,1.0,12033,2.236716343213864,9.670385905950186,1.0000000269973495
3.759001,852371587,5001,0.0359,0.0431,-9.7125,-1.89,-0.49,0.91,0.9982946,-0.0022242,0.0007577,-0.0583295,-0.26,0.072,353.312,1.0,12033,2.1541355574800765,9.712661976512928,0.9999999800671698
3.811,852423586,5000,0.0431,0.0072,-9.6479,-1.68,-0.7,0.56,0.998295,-0.0023355,0.0007338,-0.0583187,-0.272,0.068,353.313,1.0,12033,1.904205871222962,9.647998956260308,0.99999998540869
3.862002,852474588,5002,0.0359,0.0431,-9.7627,-1.75,-0.42,0.56,0.9983006,-0.0022688,0.0007164,-0.0582257,-0.264,0.067,353.324,1.0,12033,1.8848076824970765,9.762861143640219,0.9999999903916249
3.914002,852526588,5002,0.079,0.0502,-9.8058,-1.89,-0.91,0.7,0.9983037,-0.0022593,0.0007549,-0.0581731,-0.263,0.071,353.33,1.0,12033,2.211379659850384,9.806246717271598,1.0000000306538994
3.965001,852577587,4999,0.0574,0.0861,-9.7412,-1.4,-0.56,0.77,0.9982966,-0.0035654,0.0001297,-0.058235,-0.409,-0.009,353.323,1.0,12033,1.6930741271426952,9.741749607231752,1.0000000728479024
4.017001,852629587,4998,0.0718,0.0502,-9.7484,-1.75,-0.35,0.77,0.9983005,-0.0034247,0.0002941,-0.0581756,-0.394,0.011,353.33,1.0,12033,1.9436820727680748,9.748793660756187,1.0000000519002537
4.068002,852680588,5001,0.0933,0.0215,-9.6909,-1.82,-0.7,0.84,0.9983064,-0.0032238,0.0003254,-0.0580854,-0.371,0.016,353.34,1.0,16131,2.1232051243344343,9.691372965168556,1.0000000403728593
4.120002,852732588,5002,0.0215,0.0359,-9.7771,-1.68,-0.28,0.63,0.9983137,-0.0029391,0.0003411,-0.0579732,-0.339,0.019,353.353,1.0,16131,1.8159570479501985,9.777189548638198,0.9999999450919734
4.171002,852783588,5000,0.079,0.0215,-9.7125,-2.1,-0.56,0.77,0.9983202,-0.0028677,0.000333,-0.0578673,-0.33,0.019,353.365,1.0,12033,2.3057536728800847,9.712845077524918,1.0000000903648059
4.223001,852835587,4998,0.0718,0.0646,-9.7771,-1.89,-0.63,0.63,0.9983218,-0.002887,0.0003613,-0.0578372,-0.333,0.022,353.369,1.0,12033,2.0894736179239017,9.777577041885174,1.0000000116828849
4.274003,852886589,5003,0.0431,0.0861,-9.7268,-2.03,-0.56,0.56,0.9983212,-0.0026661,0.0003034,-0.0578571,-0.307,0.017,353.366,1.0,12033,2.179013538278273,9.727276548962717,0.9999999312653077
4.326001,852938587,5001,0.0215,0.0072,-9.7484,-2.24,-0.56,0.42,0.9983209,-0.0025757,0.000392,-0.0578667,-0.297,0.028,353.365,1.0,12033,2.3468276459936295,9.748426367881125,0.9999999811200947
4.377003,852989589,5000,0.1005,-0.0144,-9.813,-1.89,-0.7,0.7,0.9983184,-0.0028423,0.001519,-0.0578781,-0.335,0.155,353.363,1.0,12033,2.133565091577944,9.813525187719243,0.9999999441342284
4.429002,853041588,5002,0.1077,0.0072,-9.7196,-1.82,-0.21,0.84,0.9983263,-0.0020071,0.0003259,-0.0577976,-0.232,0.024,353.373,1.0,12033,2.0154652068443157,9.720199344149275,1.000000049249334
4.480002,853092588,5001,0.1364,-0.0144,-9.6263,-1.96,-0.77,0.63,0.9983233,-0.0019638,0.0004339,-0.0578487,-0.228,0.037,353.367,1.0,16131,2.1980445855350617,9.627277081812904,0.9999999640971144
4.532001,853144587,5002,0.0359,0.1077,-9.8345,-1.89,-0.63,0.63,0.9983259,-0.0021639,0.0005473,-0.0577974,-0.251,0.048,353.373,1.0,16131,2.0894736179239017,9.835155227549793,1.000000062029033
4.583001,853195587,4998,0.0574,0.0287,-9.6407,-1.89,-0.84,0.77,0.9983311,-0.0021407,0.0006636,-0.0577069,-0.249,0.062,353.383,1.0,12033,2.2069435878608226,9.64091359467556,1.0000000472481338
4.635003,853247589,5002,0.0287,0.0,-9.734,-2.03,-0.56,0.49,0.9983337,-0.0021233,0.0006918,-0.0576612,-0.247,0.065,353.389,1.0,12033,2.1620823296072698,9.734042309852573,0.9999999887656299
4.686001,853298587,5001,0.0933,0.0,-9.6909,-2.03,-0.56,0.77,0.9983358,-0.0031685,0.0002366,-0.0575816,-0.364,0.006,353.398,1.0,12033,2.2421864329265753,9.6913491166091,1.0000000527960036
4.738001,853350587,5001,0.0359,-0.0215,-9.7125,-1.89,-0.84,0.63,0.9983385,0.0008699,0.0019952,-0.0575817,0.086,0.234,353.398,1.0,12033,2.16208232960727,9.71259014424062,1.0000000751530922
4.789003,853401589,5001,0.0144,0.0144,-9.8273,-1.61,-0.35,0.77,0.9983341,0.0016181,0.0024381,-0.0576241,0.169,0.29,353.394,1.0,12033,1.8186533479473213,9.827321100381322,1.0000000373514193
4.840003,853452589,4632,0.0431,0.0072,-9.6766,-1.75,-0.42,0.77,0.9983351,0.0011044,0.0022803,-0.0576254,0.111,0.268,353.393,1.0,12033,1.9574984035753389,9.676698662767174,1.0000000390423094
4.891002,853503588,5000,1.8233,0.0287,-9.7125,-1.96,-0.7,0.84,0.9983414,0.0012041,0.000967,-0.057551,0.131,0.119,353.402,1.0,12033,2.2443707358633955,9.882201314990501,1.0000000267503846
4.942003,853554589,4634,0.0502,0.0072,-9.8058,-1.89,-0.63,0.84,0.9983425,0.0008477,0.0011423,-0.0575351,0.089,0.136,353.403,1.0,12033,2.16208232960727,9.805931139876519,1.0000000292414197
4.993001,853605587,4998,0.0574,0.1005,-9.8273,-1.89,-0.49,0.7,0.998337,0.0017495,0.0017867,-0.0575925,0.188,0.216,353.397,1.0,12033,2.0741745346040674,9.827981496726578,0.9999999573361942
5.044001,853656587,4631,0.0718,0.0215,-9.7484,-1.89,-0.42,0.77,0.9983309,0.002447,0.0021078,-0.0576634,0.266,0.257,353.389,1.0,12033,2.0836026492592103,9.748688119434327,1.0000000421121042
5.095001,853707587,5000,0.0933,0.0072,-9.8058,-1.89,-0.63,0.7,0.9983218,0.0017096,0.0019112,-0.0578528,0.183,0.23,353.367,1.0,12033,2.11163443805977,9.806246497513715,0.9999999691203395
5.146,853758586,4631,0.1077,0.0431,-9.7914,-1.82,-0.56,0.63,0.9983184,0.0011458,0.0016689,-0.0579328,0.12,0.199,353.358,1.0,12033,2.0057168294652166,9.79208715545363,0.9999999675896245
5.197001,853809587,4998,0.0574,-0.0072,-9.7053,-2.31,-0.49,0.7,0.99832,0.0006123,0.0015734,-0.057917,0.06,0.184,353.36,1.0,12033,2.4629656920062852,9.705472409419336,1.0000000258939246
5.248001,853860587,4628,0.0287,0.0215,-9.7484,-1.82,-0.56,0.56,0.9983165,0.0001105,0.0014692,-0.0579828,0.003,0.169,353.352,1.0,12033,1.9848425630260957,9.748465956241526,1.00000000501349
5.299001,853911587,4999,0.0287,0.0431,-9.7268,-2.31,-0.49,0.56,0.9983108,-0.0002996,0.0013778,-0.0580825,-0.043,0.156,353.34,1.0,12033,2.4268910152703604,9.726937829553554,1.000000009147945
5.351001,853963587,4998,0.2656,0.0287,-9.6694,-2.24,-0.07,0.77,0.9983152,-0.0004214,0.0007441,-0.0580187,-0.053,0.082,353.348,1.0,12033,2.369683523173506,9.673089651709013,1.0000000696817475
5.402003,854014589,5003,0.0215,-0.0718,-9.6766,-2.1,-0.56,0.91,0.9983196,-0.000768,0.0014167,-0.0579264,-0.097,0.157,353.358,1.0,16131,2.356204575158957,9.676890257205567,1.000000044212004
5.454001,854066587,4999,0.1292,0.122,-9.7484,-2.17,-0.28,0.84,0.9983283,-0.0010632,0.0006619,-0.0577842,-0.126,0.069,353.375,1.0,16131,2.343693665989649,9.750019446134454,0.9999999884281898
5.505001,854117587,4998,0.0287,-0.0287,-9.7771,-2.24,-0.77,0.49,0.9983355,-0.0015185,0.0013203,-0.0576384,-0.182,0.141,353.391,1.0,12033,2.4188013560439394,9.777184246499603,1.000000002374575
5.557001,854169587,4998,-0.0359,-0.0574,-9.734,-1.68,-0.14,0.84,0.9983354,-0.0012822,0.0010601,-0.0576523,-0.154,0.113,353.39,1.0,12033,1.8835073665903193,9.734235438389602,1.000000063218648
5.608003,854220589,5003,0.1938,0.1149,-9.8058,-1.96,-0.91,0.77,0.9983252,-0.0018793,0.0006543,-0.057818,-0.219,0.062,353.371,1.0,12033,2.2940357451443516,9.808387945529072,1.0000000429780092
5.66,854272586,5000,0.0287,0.0,-9.7412,-1.89,-0.7,0.84,0.9983292,-0.0017919,0.0007436,-0.057751,-0.21,0.073,353.378,1.0,12033,2.183506354467511,9.741242278580284,1.0000000667101028
5.711001,854323587,4999,0.0646,0.0072,-9.7986,-2.45,-0.84,0.56,0.9983302,-0.0018338,0.0009744,-0.057728,-0.216,0.099,353.381,1.0,12033,2.649849052304678,9.79881558965164,1.0000000112469198
5.763,854375586,5000,0.0718,0.0287,-9.7484,-2.24,-0.28,0.77,0.9983215,-0.0029234,-0.0004162,-0.0578399,-0.332,-0.067,353.368,1.0,12033,2.385141505236115,9.748706657295623,0.9999999954421299
5.814001,854426587,5000,0.0,-0.0215,-9.8273,-1.54,-1.05,0.91,0.9983189,-0.0017306,0.0008306,-0.0579292,-0.203,0.084,353.358,1.0,12033,2.0741745346040674,9.827323518639242,1.0000000515912837
5.866003,854478589,5000,0.0718,0.0933,-9.612,-2.24,-0.49,0.98,0.9983082,0.000895,0.0016944,-0.0581144,0.091,0.2,353.337,1.0,16131,2.4936118382779626,9.612720953507388,1.000000108845474
5.917002,854529588,5000,0.122,0.079,-9.7986,-1.96,-0.56,0.63,0.9983046,0.000168,0.0015471,-0.0581858,0.009,0.178,353.329,1.0,12033,2.133565091577944,9.79967790082919,1.0000000417226043
5.968002,854580588,4634,-0.0072,0.0215,-9.7196,-1.96,-0.35,0.98,0.9982877,-0.000462,0.0025443,-0.0584389,-0.07,0.288,353.299,1.0,12033,2.2191214477806303,9.719626446011183,1.0000000619554932
6.019002,854631588,5000,0.1723,0.0574,-9.7125,-1.68,-0.42,0.56,0.9982883,-0.0006439,0.0021604,-0.0584423,-0.088,0.243,353.299,1.0,12033,1.8199999999999998,9.714197769244768,1.0000000571407734
6.071003,854683589,5003,0.0,0.0287,-9.7771,-2.03,-0.42,0.77,0.9982846,-0.0006974,0.0017984,-0.0585166,-0.092,0.201,353.29,1.0,12033,2.2113796598503836,9.777142123340543,1.0000000278410195
6.122002,854734588,5002,0.0287,0.0,-9.7771,-1.89,-0.7,0.7,0.9982894,-0.0032859,0.0008626,-0.0583687,-0.382,0.077,353.307,1.0,12033,2.133565091577944,9.777142123340543,1.0000000862548064
6.174003,854786589,5003,0.0646,0.0718,-9.7699,-1.89,-0.21,0.56,0.9982889,-0.0030044,0.0005326,-0.0583948,-0.347,0.041,353.304,1.0,12033,1.9823723161908813,9.770377393427543,0.999999995306185
6.225001,854837587,4999,0.1292,0.0,-9.6838,-1.82,-0.42,0.7,0.9982949,-0.0029473,0.0006879,-0.058292,-0.342,0.059,353.316,1.0,16131,1.994692958828501,9.684661846445646,0.9999999122068511
6.277,854889586,4997,0.0431,0.0215,-9.6909,-1.89,-0.84,0.84,0.9982978,-0.0028548,0.0007927,-0.0582481,-0.332,0.072,353.321,1.0,16131,2.232330620674276,9.691019691962243,1.0000000584473883
6.328002,854940588,4999,0.0718,0.0287,-9.7484,-1.96,-0.49,0.63,0.9983035,-0.0028044,0.0006253,-0.0581541,-0.325,0.053,353.332,1.0,12033,2.116270304096336,9.748706657295623,1.0000000165592549
6.380001,854992587,4903,0.0574,0.0718,-9.7125,-1.75,-0.49,0.7,0.9983012,-0.0023006,-0.0004296,-0.058218,-0.26,-0.064,353.325,1.0,12033,1.9474598840540978,9.712934996693843,1.0000000493809789
6.431002,855043588,5001,0.1077,0.1938,-9.8776,-2.1,-0.7,0.98,0.998296,-0.003381,-0.000598,-0.0582517,-0.383,-0.091,353.321,1.0,12033,2.4208263052106815,9.880088030478271,0.9999999764669447
6.483002,855095588,5001,0.0431,0.0646,-9.7771,-1.89,-0.49,0.77,0.9983037,-0.0029432,-0.0004216,-0.058145,-0.334,-0.068,353.333,1.0,12033,2.098833009079093,9.777408408162156,0.9999999793157448
6.534002,855146588,5000,0.0574,0.1795,-9.8345,-1.96,-0.28,0.7,0.9983092,-0.0022958,-5.42e-05,-0.0580823,-0.262,-0.021,353.341,1.0,12033,2.0999999999999996,9.836305468009826,1.000000043006604
6.586001,855198587,4999,0.0359,0.5312,-9.8345,-2.03,-0.84,0.56,0.9983125,-0.0026245,0.0004068,-0.0580099,-0.303,0.029,353.349,1.0,12033,2.26717886369823,9.848901080831302,1.0000000248203749
6.637,855249586,4999,-0.0574,-0.0072,-9.7555,-2.03,-0.28,0.77,0.9983144,-0.0019944,-0.0003161,-0.0580027,-0.226,-0.049,353.35,1.0,16131,2.1891094079556646,9.755671522247969,1.00000001600261
6.689002,855301588,5001,-0.1507,0.1005,-9.7771,-1.61,-0.77,0.63,0.998311,-0.0008476,-0.0001463,-0.0580907,-0.096,-0.022,353.34,1.0,16131,1.8925908168434087,9.77877779428493,1.000000060988468
6.741373,855353959,5370,0.0502,0.3302,-9.6766,-2.03,0.14,0.77,0.9983063,-0.0019006,-0.0020173,-0.05811,-0.204,-0.243,353.338,1.0,16131,2.1756378375088072,9.682362296464639,0.9999999612496693
6.792,855404586,4999,-0.0287,-0.122,-9.6981,-1.89,-0.7,0.91,0.9983059,-0.0020119,-0.0007046,-0.0581463,-0.225,-0.094,353.333,1.0,12033,2.211379659850384,9.69890979955995,1.0000001031906296
6.844377,855456963,5376,0.323,0.1077,-9.7412,-1.75,-0.14,0.98,0.9983063,-0.0009868,-0.0008196,-0.0581625,-0.107,-0.1,353.331,1.0,12033,2.01059692628831,9.747148594845571,0.99999999527217
6.895,855507586,4628,-0.0215,0.2082,-9.7627,-2.03,-0.7,0.63,0.9983057,-0.0023629,-0.0002058,-0.0581386,-0.269,-0.039,353.334,1.0,12033,2.2378114308404093,9.764943460153777,0.9999999965562499
6.947375,855559961,5372,-0.0144,-0.0502,-9.6838,-1.89,-0.14,0.28,0.998305,-0.0020243,-0.0009186,-0.0581582,-0.225,-0.119,353.332,1.0,12033,1.9157505056765611,9.683940821793573,1.0000000954343404
6.999002,855611588,5000,0.2512,0.1795,-9.8776,-1.75,-1.68,0.35,0.9983081,-0.0021694,0.0013546,-0.0580897,-0.257,0.141,353.339,1.0,12033,2.450999796001623,9.882423966315146,1.00000000850461
7.05,855662586,4999,-0.1651,0.1651,-9.655,-2.03,0.07,0.42,0.9983058,-0.0029957,-0.0004287,-0.0581064,-0.34,-0.069,353.338,1.0,12033,2.0741745346040674,9.657822788807009,0.99999999101839
7.102,855714586,4998,-0.0144,-0.1077,-9.7412,-1.82,-1.05,1.05,0.9983072,-0.0029648,0.0008202,-0.0580818,-0.345,0.074,353.34,1.0,12033,2.3489146429787526,9.741805997349772,1.0000001119150737
7.153,855765586,5000,0.5312,-0.3589,-9.5402,-2.1,0.42,0.28,0.998313,-0.001327,-0.0007811,-0.0580429,-0.147,-0.098,353.345,1.0,16131,2.159814806875812,9.561715258780717,1.0000000976278052
7.205002,855817588,5002,-0.079,-0.0431,-9.5402,-1.54,0.0,0.84,0.9983087,-0.0025669,-0.003631,-0.0579661,-0.27,-0.432,353.355,1.0,16131,1.7541949720598335,9.540624437111022,1.0000000511907539
7.256002,855868588,5000,0.0072,-0.2584,-9.7914,-1.54,-0.28,0.42,0.998305,-0.002443,-0.0038339,-0.0580213,-0.254,-0.455,353.348,1.0,12033,1.6206171663906315,9.794811706204463,1.00000000565845
7.308002,855920588,4999,0.0215,-0.0144,-9.7914,-1.54,-1.19,0.77,0.9983064,-0.0022071,-0.0022567,-0.0580898,-0.237,-0.273,353.34,1.0,12033,2.0929882942816476,9.791434193722592,1.0000000285651496
7.360372,855972958,5372,0.7107,0.079,-9.7053,-1.82,-0.77,0.77,0.9982946,-0.0032333,-0.0028476,-0.0582192,-0.351,-0.347,353.326,1.0,12033,2.1208960370560366,9.731607450981569,1.0000000733462222
7.411003,856023589,4631,0.0144,-0.1436,-9.7627,-1.89,-0.07,0.77,0.998297,-0.0022547,-0.0036688,-0.0581781,-0.233,-0.435,353.33,1.0,12033,2.042033300414075,9.763766671218645,1.0000000676470677
7.462,856074586,4999,0.0718,0.0359,-9.6335,-1.61,-1.96,0.35,0.9982968,-0.0026873,-0.0012868,-0.058264,-0.299,-0.165,353.32,1.0,12033,2.5605077621440633,9.633834454670684,1.0000000360108843
7.514002,856126588,5002,-0.0144,0.1507,-9.8417,-2.03,0.28,0.84,0.9982857,-0.0024916,-0.0037575,-0.0583563,-0.26,-0.447,353.31,1.0,12033,2.2147008827378922,9.842864254880283,1.0000000617254932
7.566374,856178960,5372,1.2347,-0.1077,-9.6479,-2.52,1.26,0.49,0.998271,-0.0015993,-0.0058007,-0.058471,-0.144,-0.674,353.297,1.0,12033,2.85973775021417,9.727181389796327,1.0000000265814897
7.617002,856229588,4631,-0.5599,0.0718,-9.6694,-0.14,-0.91,3.85,0.9982494,-0.0012722,-0.0013643,-0.0591152,-0.136,-0.165,353.222,0.95,15875,3.958560344367634,9.685862873797047,0.9999999756393646
7.668,856280586,4999,-0.3589,-1.1844,-9.4038,-4.13,-3.43,0.14,0.998244,-0.0062433,-0.0002551,-0.0589062,-0.712,-0.071,353.246,0.95,11777,5.370418978068657,9.484886241278806,1.0000000339026693
7.720001,856332587,4998,-0.5097,-0.2584,-9.8991,-3.71,-3.08,0.84,0.9982268,-0.0055478,0.0006494,-0.0592646,-0.639,0.037,353.204,0.95,11777,4.894496909795735,9.915580944150474,1.000000118428293
7.772373,856384959,5372,1.2849,0.5456,-9.7771,-2.1,1.12,-1.12,0.9982305,-0.0020773,-0.007514,-0.0589516,-0.187,-0.874,353.242,1.0,12033,2.630361191927831,9.876250896975026,1.0000000988220452
7.823,856435586,4627,-0.5168,0.4379,-9.7555,-2.73,-1.26,0.07,0.9982289,-0.0036922,-0.0016904,-0.0593509,-0.411,-0.218,353.196,1.0,12033,3.007557148251717,9.778988644026539,0.9999999779595097
7.874,856486586,4999,0.3159,0.3589,-9.6766,-2.31,1.61,0.84,0.9982322,-0.0016046,-0.0049477,-0.0592062,-0.15,-0.577,353.212,1.0,12033,2.93833286065415,9.688404903801244,0.9999999768558647
7.926001,856538587,5000,0.8614,0.4666,-9.533,-1.75,3.29,1.33,0.998208,0.0017166,-0.0071447,-0.0593879,0.245,-0.806,353.189,0.95,11777,3.956703173097522,9.583204814674472,1.0000000636920279
7.977003,856589589,5003,0.8112,1.2562,-9.5689,0.56,-0.7,-0.7,0.9981905,0.0002552,0.0008484,-0.0601253,0.023,0.099,353.106,1.0,16131,1.1373653766490344,9.685036452693401,1.0000000554499684
8.028002,856640588,4631,0.1436,-0.0646,-9.9996,-4.13,-1.33,21.7,0.9977465,-0.0086383,-0.0010613,-0.0665287,-0.98,-0.187,352.372,0.95,11777,22.12952326644205,10.00083967874698,0.9999999463852586
8.080375,856692961,5375,0.5527,0.2871,-9.7771,-8.33,0.56,1.19,0.9970835,-0.0093941,-0.0024412,-0.075698,-1.052,-0.36,351.32,0.95,11777,8.43318445191376,9.796917275857748,0.9999999508742488
8.131002,856743588,5002,0.8183,0.201,-10.3585,-7.77,3.57,-10.29,0.9970125,-0.0090988,-0.0081044,-0.0762739,-0.969,-1.006,351.259,0.95,11777,13.379159166405039,10.392715628746895,1.0000000512191287
8.183375,856795961,5372,0.2943,0.1723,-10.5954,-7.49,12.32,2.73,0.9972585,-0.0081113,-0.0137631,-0.0722512,-0.813,-1.64,351.724,0.95,11777,14.674310886716283,10.600886799697467,0.9999999839164949
8.234,856846586,4631,0.3446,0.3948,-9.8417,-12.53,20.37,18.41,0.9967538,-0.0082952,-0.0221727,-0.0769523,-0.753,-2.607,351.188,0.95,11777,30.180554998210354,9.855641789858232,1.000000116629023
8.286373,856898959,5372,0.4451,0.3517,-9.131,-22.82,28.77,26.25,0.9955488,-0.0104561,-0.0351382,-0.0868251,-0.845,-4.116,350.062,0.95,11777,45.13898315203833,9.148604696892308,1.0000000171489498
8.338001,856950587,5000,0.3948,-0.0861,-8.5926,-31.78,37.66,18.13,0.9938172,-0.0127644,-0.0510151,-0.0977853,-0.887,-5.964,348.807,0.95,11777,52.506579587705005,8.602095966100354,1.0000000311236494
8.390375,857002961,5372,-0.1436,-0.6461,-8.6142,-35.21,46.2,12.46,0.9922894,-0.0131615,-0.0664293,-0.1038056,-0.713,-7.734,348.104,0.95,11777,59.40905402377655,8.639589562589185,0.9999999664622294
8.442002,857054588,4902,-0.4307,-1.0839,-8.3414,-36.12,57.12,17.15,0.9906022,-0.0094682,-0.076554,-0.1129476,-0.085,-8.848,346.997,0.95,11777,69.7242518783816,8.422546863033771,1.0000000203589199
8.494373,857106959,5372,-0.9476,-1.0911,-8.9731,-32.34,68.53,15.82,0.9889225,-0.0041303,-0.0867318,-0.1203861,0.74,-9.935,346.054,0.95,11777,77.41129697918774,9.08872755560425,0.9999999942943951
8.546003,857158589,5000,-1.6439,-1.5505,-8.2768,-33.6,81.69,12.18,0.9875931,0.0015147,-0.0935024,-0.1261542,1.55,-10.62,345.297,0.95,11777,89.16596043334025,8.579736342102827,1.0000000032335499
8.59837,857210956,5369,-3.46,-2.9791,-8.126,-34.93,87.64,-14.49,0.9856174,0.0065888,-0.1086379,-0.1292775,2.409,-12.266,344.796,0.252,16068,95.45069198282431,9.320864381053937,0.9999999683954295
8.650002,857262588,5000,-3.9194,-3.4672,-8.3988,-25.13,84.35,4.13,0.9807078,0.0080824,-0.1492741,-0.125953,3.203,-16.903,344.887,0.252,16068,88.11070479799828,9.895605774281835,1.000000014655205
8.70237,857314956,5370,-5.3336,-2.6919,-7.2861,-9.1,78.05,-1.47,0.9750783,0.0138799,-0.18668,-0.1190817,4.398,-21.146,345.253,0.252,16068,78.59245129145674,9.422359989938826,1.0000001082148893
8.754004,857366590,5002,-6.0802,-3.4026,-7.2359,3.64,65.73,0.21,0.9685945,0.0257462,-0.2161668,-0.1201407,6.417,-24.366,344.472,0.252,11972,65.8310458674325,10.045136515249556,1.0000000227317098
8.806372,857418958,5369,-7.7169,-2.7422,-6.6329,12.32,45.57,-18.06,0.9644183,0.0370374,-0.2381642,-0.1086443,7.935,-26.829,345.25,0.252,16068,50.542763082364225,10.53876505383814,1.0000000982288852
8.858,857470586,4999,-6.7837,-2.5555,-6.9631,12.11,28.7,2.03,0.9609941,0.0492662,-0.2496561,-0.108328,9.699,-27.98,344.715,0.252,11972,31.216389925806602,10.051563438092602,0.9999999712742296
8.909002,857521588,5002,-5.5848,-3.4959,-7.2861,12.39,29.4,6.72,0.9582731,0.0593055,-0.2587253,-0.1060986,11.101,-28.899,344.495,0.252,11972,32.60414850904712,9.82336811180361,1.0000000851479514
8.961002,857573588,5002,-5.7428,-1.4429,-7.0134,5.81,47.81,17.29,0.9532015,0.0717481,-0.2731403,-0.1079522,13.111,-30.346,343.507,0.252,11972,51.17124485489874,9.1787521924279,1.0000000952123904
9.013369,857625955,5368,-7.3508,-1.4501,-6.7549,-5.32,51.1,-0.35,0.9461666,0.0811385,-0.2940991,-0.108126,14.939,-32.615,342.568,0.252,11972,51.377377317259004,10.087899913262422,1.0000001018173048
9.065001,857677587,4999,-7.1641,-1.8808,-6.1448,-15.82,43.68,13.58,0.9385569,0.0872458,-0.3133247,-0.1154417,16.671,-34.611,340.748,0.252,11972,48.40073553160117,9.623944331198098,1.0000000189421148
9.117372,857729958,5370,-6.5827,-2.0674,-5.6064,-22.89,40.81,11.48,0.931083,0.0879552,-0.3324606,-0.1217308,17.773,-36.704,339.164,0.252,11972,48.178818997563646,8.890320748431972,1.0000000541585186
9.169001,857781587,4999,-6.597,-2.4479,-5.6495,-25.76,48.72,8.96,0.9228531,0.0864024,-0.3535721,-0.1259501,18.682,-39.111,337.769,0.252,11972,55.83455560851183,9.023828104524156,0.9999999382468931
9.22137,857833956,5369,-7.9968,-3.1298,-5.3336,-26.53,55.3,-2.17,0.9125363,0.084479,-0.3789609,-0.1285664,19.811,-42.06,336.279,0.252,11972,61.372956585127945,10.108993384111,0.9999999415982282
9.273002,857885588,4938,-9.0592,-2.9504,-4.7234,-16.24,41.44,1.47,0.9032801,0.0831841,-0.4009887,-0.1279587,20.834,-44.678,335.234,0.252,11972,44.53282048107889,10.63411831606175,0.9999999499910988
9.325371,857937957,5369,-9.3177,-3.417,-4.6804,-9.45,29.75,-14.42,0.897248,0.0818174,-0.4153901,-0.1253117,21.363,-46.461,334.841,0.252,11972,34.38460992944373,10.972764758710541,1.0000000088908299
9.377,857989586,4917,-10.7318,-3.1226,-4.3717,-6.65,9.66,-22.12,0.8943679,0.0780519,-0.4249097,-0.1160413,20.813,-47.897,335.888,0.252,11972,25.036623174861262,12.00141337051599,0.9999999380518981
9.429373,858041959,5370,-9.8991,-3.1729,-4.7593,-3.08,-9.66,-15.12,0.8952402,0.0741819,-0.4249144,-0.1117578,19.941,-48.092,336.799,0.252,11972,18.204845508819897,11.43286541991989,1.000000011585925
9.481002,858093588,4999,-10.8682,-2.8427,-4.6445,0.35,-23.87,-24.5,0.8996192,0.0665274,-0.4194591,-0.1015556,17.772,-47.833,339.186,0.252,11972,34.20744655773067,12.15607234183805,1.0000000382117842
9.533371,858145957,5369,-11.0548,-3.1298,-4.8383,2.73,-40.67,-23.73,0.9066957,0.0582247,-0.4071461,-0.0935146,15.358,-46.671,341.565,0.252,11972,47.165821311623525,12.466491004689331,1.0000000676234726
9.585002,858197588,4911,-11.0261,-3.3021,-5.4054,11.55,-59.64,-17.15,0.9168292,0.049491,-0.3868147,-0.0857282,12.72,-44.491,344.096,0.252,16068,63.12253638756922,12.716017253055297,1.0000000387324843
9.637372,858249958,5369,-10.1216,-3.0508,-5.5418,21.07,-74.13,-9.24,0.9292741,0.0438256,-0.3575589,-0.0817352,10.699,-41.1,345.926,0.252,16068,77.61816411124396,11.935900235843128,1.0000000230172097
9.689003,858301589,5000,-8.7864,-2.7852,-5.9007,28.77,-82.25,-1.54,0.9423373,0.0410579,-0.322346,-0.0800488,9.287,-36.938,347.181,0.252,16068,87.15014056213565,10.94424161328687,1.000000046110569
9.741373,858353959,5370,-7.0205,-2.0818,-5.9653,31.64,-71.75,-1.68,0.9550748,0.0391963,-0.2832057,-0.0780417,8.101,-32.334,348.305,0.252,16068,78.4345236487097,9.44489891846387,1.00000009949005
9.793,858405586,4999,-5.7643,-1.4931,-6.4606,32.62,-90.93,-12.81,0.9668539,0.0366109,-0.2415204,-0.0743056,6.907,-27.49,349.519,0.252,11972,97.44960441171632,8.786117143539574,1.0000001238757623
9.84537,858457956,5369,-5.1039,-1.0768,-6.798,28.77,-90.02,-13.44,0.9771039,0.0321974,-0.1993401,-0.067043,5.575,-22.658,351.032,0.252,11972,95.45651837355058,8.568669526245017,0.9999999716394896
9.897002,858509588,4999,-3.7543,-1.1198,-7.0493,28.35,-85.82,8.12,0.9846069,0.0286735,-0.158413,-0.0680623,4.704,-17.942,351.348,0.252,11972,90.74540925027557,8.064821821962342,1.0000000361900745
9.949372,858561958,5370,-3.7974,-0.9547,-7.4154,34.16,-80.92,-11.97,0.9905674,0.026898,-0.1188838,-0.0626045,4.019,-13.424,352.294,0.252,11972,88.64667450051356,8.385693531843385,0.9999999788347247
10.001002,858613588,4999,-2.3904,0.1723,-7.9107,43.61,-75.81,5.95,0.9953467,0.0258065,-0.0639603,-0.0672915,3.465,-7.114,352.049,0.95,11777,87.66065651134492,8.2657651757112,1.0000000472957389
10.052,858664586,4997,-3.3954,0.0144,-8.1404,50.54,-79.38,-21.7,0.9979531,0.0183305,0.0081128,-0.0607269,2.041,1.055,353.054,0.95,11777,96.57311220003214,8.820150830909865,0.999999985468655
10.104002,858716588,4999,-1.8592,1.1055,-8.0686,51.8,-88.76,17.71,0.9957643,0.0069634,0.0682147,-0.0612518,0.319,7.857,352.982,0.95,11777,104.28433103779302,8.353505901715758,1.0000000291966897
10.155003,858767589,5000,-1.8449,1.9669,-8.5711,47.04,-84.35,-22.19,0.992479,-0.0053305,0.1054708,-0.0619115,-1.385,12.046,352.715,0.95,11777,99.09631779233777,8.985327307894797,1.0000000515780687
10.207002,858819588,5000,-0.5312,1.2347,-8.3845,38.57,-86.94,10.5,0.9886485,-0.0237447,0.1331252,-0.065483,-3.823,15.077,351.915,0.95,11777,95.68938551375486,8.491554497263737,1.00000000474719
10.259372,858871958,5372,-0.5527,2.5053,-8.808,36.54,-90.51,-9.24,0.9858407,-0.0420214,0.147906,-0.0669043,-6.149,16.619,351.336,0.95,11777,98.04391516050346,9.174032340252566,1.0000000270144696
10.310002,858922588,4635,1.5003,3.862,-8.4921,33.46,-92.89,-2.52,0.9818357,-0.0455134,0.1710631,-0.068297,-6.858,19.25,350.877,0.252,16068,98.76474117821603,9.448899750764637,0.999999937882328
10.361001,858973587,5001,3.6395,3.1083,-8.5998,26.32,-90.65,-26.95,0.9741839,-0.0469376,0.2133266,-0.0570478,-7.295,24.223,351.73,0.252,11972,98.16551023653878,9.841953524580372,1.0000000495326837
10.413001,859025587,4999,3.4887,2.9791,-8.0973,21.28,-79.31,-13.23,0.964925,-0.0512434,0.2521657,-0.0520232,-8.207,28.771,351.719,0.252,11972,83.17419912448811,9.306574653974469,1.0000000476316437
10.46537,859077956,5370,4.0271,2.5627,-7.925,23.38,-67.34,10.99,0.9555109,-0.0544988,0.2853894,-0.0508091,-9.101,32.673,351.24,0.252,11972,72.12544696568611,9.251518291610303,0.999999936747708
10.516,859128586,4632,3.0437,6.1089,-7.1139,30.17,-59.92,-8.05,0.9465925,-0.0534856,0.3138782,-0.0508165,-9.482,36.071,350.76,0.252,11972,67.5680235022455,9.858516222535721,0.999999955785549
10.567,859179586,4999,3.984,3.2303,-7.2072,41.09,-66.57,19.88,0.9354724,-0.050339,0.3451572,-0.0567805,-9.997,39.796,349.427,0.252,11972,80.71658689513575,8.84594969067765,1.0000000719874225
10.619003,859231589,5000,5.7715,4.2497,-6.8842,37.8,-56.35,34.09,0.9227843,-0.0492457,0.3752501,-0.0723295,-11.5,43.269,346.462,0.252,11972,75.93609550141487,9.937925939550968,1.0000000987076152
10.671373,859283959,5370,4.8096,5.1111,-6.8267,35.84,-42.28,-18.76,0.9124764,-0.0418155,0.3996978,-0.0766812,-11.49,46.304,345.466,0.252,11972,58.515310816913555,9.790782821613398,1.0000000271777447
10.723003,859335589,5002,4.4578,5.2403,-6.7478,27.44,-50.75,21.49,0.9025838,-0.0352878,0.4222441,-0.0762063,-11.299,49.187,345.163,0.252,11972,61.565706363201905,9.636676282308128,1.0000001124978837
10.77537,859387956,5370,5.4197,6.0802,-6.0658,16.38,-49.42,-13.02,0.8913113,-0.0354804,0.4448794,-0.0799214,-12.589,51.941,343.602,0.252,11972,53.66713333130436,10.15558515153115,0.9999999015070802
10.827003,859439589,5002,5.6566,5.0895,-5.994,7.35,-53.2,-14.42,0.88129,-0.0356937,0.4657275,-0.0717775,-12.965,54.662,343.966,0.252,16068,55.60754355301086,9.686494196044304,1.000000109041089
10.879373,859491959,5370,7.0134,4.544,-5.7356,5.11,-52.78,-20.93,0.8705191,-0.0373011,0.4869428,-0.0607606,-13.351,57.485,344.669,0.252,16068,57.007941552032904,10.135720148070387,1.00000000825511
10.931,859543586,5000,6.2166,4.185,-6.1735,9.45,-46.9,-18.9,0.8605111,-0.0362179,0.5058614,-0.0480966,-12.875,60.125,346.129,0.252,16068,51.44047530884605,9.709399714194488,1.000000064222568
10.983373,859595959,5370,6.9559,4.9101,-5.2403,11.2,-45.15,5.46,0.8494112,-0.0388692,0.5242542,-0.0463381,-14.373,62.5,345.004,0.252,16068,46.83774225984852,9.997718285188876,0.9999999435616634
11.034002,859646588,4633,7.7169,5.0393,-4.4004,2.73,-44.59,-2.87,0.8390201,-0.043257,0.5405232,-0.044821,-16.375,64.574,343.495,0.252,11972,44.765588346407334,10.213158681818275,1.0000000740161223
11.085001,859697587,4998,8.8654,5.8074,-4.264,-5.67,-33.46,-24.29,0.8304676,-0.0454649,0.5541119,-0.0348805,-16.649,66.516,344.227,0.252,11972,41.733974169733706,11.423786934287596,1.0000000693918125
11.137003,859749589,5000,10.6959,6.3745,-4.2066,-26.81,-9.52,3.5,0.8270738,-0.052031,0.5590757,-0.0260033,-17.31,67.233,344.841,0.252,11972,28.664551278539143,13.1427550620104,1.0000000527744086
11.189371,859801957,5368,10.8036,6.3601,-4.4722,-52.92,33.88,16.24,0.8343481,-0.0645662,0.547067,-0.0203028,-18.294,65.542,345.377,0.252,11972,64.90083512559758,13.31049277111858,1.0000000261664446
11.241002,859853588,5002,9.9924,5.3408,-4.8742,-71.47,70.35,19.46,0.8519251,-0.0814061,0.5169616,-0.0186366,-19.255,61.377,345.996,0.252,11972,102.15564105814225,12.334100212013846,0.9999999739306696
11.293369,859905955,5368,7.9896,4.2066,-5.1829,-75.32,93.17,1.47,0.8755567,-0.0943224,0.4736459,-0.0127782,-18.38,55.792,348.537,0.252,11972,119.81616001191159,10.411130780563656,0.9999999855193499
11.344001,859956587,4635,6.2883,3.4816,-6.0371,-75.32,101.43,11.41,0.8989676,-0.1039722,0.4254358,-0.0071785,-17.39,49.766,350.97,0.252,11972,126.85162750236987,9.386737018794124,1.0000000575032433
11.396373,860008959,5370,5.068,2.1751,-6.6616,-73.29,101.57,8.96,0.9208326,-0.112645,0.3733311,-0.0015264,-16.687,43.409,353.128,0.252,11972,125.5713765155101,8.648271420925687,1.000000006685965
11.448001,860060587,4998,4.3932,1.0481,-7.1426,-64.47,101.36,20.37,0.9392297,-0.1199057,0.3216679,0.0001204,-16.415,37.176,354.461,0.252,16068,121.84074605812293,8.450766510204858,1.0000000293205746
11.500371,860112957,5370,3.5174,0.2154,-7.7312,-50.89,100.03,19.04,0.9547741,-0.1233792,0.2705149,-0.0023729,-16.054,31.063,355.227,0.252,16068,113.8345931604273,8.496467110511286,0.9999999753999346
11.552,860164586,4999,2.1966,-0.2225,-8.0471,-34.3,95.41,14.84,0.9671332,-0.1205092,0.2238677,-0.0037814,-15.091,25.601,356.104,0.252,16068,102.46845221823153,8.344481782591416,1.0000000699580625
11.604372,860216958,5372,0.9547,-0.1795,-8.4275,-14.49,83.65,6.72,0.9801041,-0.1028641,0.1696046,-0.0070276,-12.486,19.33,357.044,0.648,16001,85.16126466886223,8.48330292928409,1.0000000887042662
11.656,860268586,4997,0.2584,-0.5743,-8.327,2.59,66.43,-13.09,0.9907122,-0.0700698,0.1165201,-0.0016521,-8.226,13.335,358.846,0.648,11905,67.75692658319149,8.35077960731811,1.0000000516196486
11.707003,860319589,5002,0.4666,-0.6748,-8.8439,21.49,54.39,-1.19,0.9958783,-0.0378744,0.082303,0.0042696,-4.345,9.454,0.132,0.95,11777,58.49366034024542,8.881871301139192,1.0000000359397043
11.758001,860370587,4631,0.2297,0.201,-8.6501,40.6,56.77,-2.03,0.998272,-0.0139454,0.0567589,0.0060923,-1.566,6.517,0.61,0.95,11777,69.82344735115848,8.655483412265314,1.0000000745068272
11.809003,860421589,5001,-0.5958,1.328,-9.3177,52.08,66.15,23.24,0.9992895,0.0139595,0.0349103,0.0026139,1.613,3.997,0.356,0.95,11777,87.33983340950452,9.43069959918139,0.9999999669848996
11.86,860472586,4631,-1.2419,2.735,-7.8461,56.49,73.22,18.55,0.999414,0.0273727,0.0157314,-0.0132351,3.114,1.843,358.533,0.95,11777,94.32068171933449,8.401418083871317,1.0000001264596219
11.911,860523586,4999,-3.2088,3.2303,-8.8295,53.9,71.75,24.29,0.999415,0.0292534,0.0047563,-0.0170671,3.343,0.602,358.061,0.95,15875,92.96922393996843,9.934349791506236,1.00000000596433
11.963,860575586,4997,-3.2447,2.9216,-7.7886,50.54,65.59,28.63,0.9991748,0.0222885,0.0013792,-0.0339285,2.547,0.245,356.116,0.95,11777,87.61287919021952,8.928948124499325,1.0000000517460885
12.014002,860626588,5001,-3.8189,2.656,-8.1763,63.28,60.41,13.86,0.9989318,0.0196227,0.0068648,-0.0412697,2.215,0.879,355.285,0.95,11777,88.57666792107275,9.406923774539687,1.0000000525118287
12.066001,860678587,4998,-3.9482,4.2066,-7.2144,77.14,52.5,26.39,0.9976032,0.0442081,0.0074626,-0.0527048,5.016,1.12,354.001,0.252,11972,96.97041662280307,9.237496097969405,0.999999993548825
12.117,860729586,4998,-4.4507,4.3789,-6.2166,74.55,39.06,-3.92,0.9950162,0.0839399,0.0030172,-0.0537386,9.598,0.861,353.889,0.252,11972,84.25409485597717,8.810766780479437,1.0000000428501241
12.169001,860781587,4998,-4.6804,5.0536,-6.0873,78.82,25.2,5.39,0.9911257,0.1222943,0.0048426,-0.0518695,14.003,1.277,354.165,0.252,11972,82.92577705394143,9.19240112321041,0.9999999724089946
12.220001,860832587,4998,-4.2855,6.9416,-5.2331,72.24,17.08,-4.97,0.9861196,0.1578318,0.0109979,-0.0503624,18.083,2.154,354.496,0.252,11972,74.39788236233609,9.692092468605528,1.0000000338667843
12.272002,860884588,5001,-4.7737,8.2696,-5.7715,46.2,9.1,-6.3,0.9817924,0.1842681,0.0156833,-0.0433937,21.153,2.682,355.439,0.252,11972,47.50726260268002,11.157271534743609,1.000000014236975
12.323003,860935589,5003,-4.1276,7.7599,-5.391,28.98,5.67,-4.69,0.9786679,0.2003351,0.0194434,-0.0411953,23.023,3.128,355.816,0.252,16068,29.899588625932633,10.31096555953903,1.0000000546640335
12.375001,860987587,5001,-3.7615,6.6616,-5.1039,28.35,8.05,-6.3,0.9760903,0.2133893,0.0212367,-0.0355214,24.565,3.246,356.539,0.252,16068,30.136605648280966,9.196498900124983,1.0000000171967147
12.426002,861038588,5000,-4.0487,7.3508,-4.745,31.71,15.54,-9.8,0.9727897,0.2286852,0.021215,-0.0305491,26.379,3.167,357.145,0.252,11972,36.64772434954182,9.640604614338251,1.0000000224304697
12.478002,861090588,5002,-4.3645,8.3557,-5.1182,25.83,21.77,15.05,0.968881,0.2443985,0.0198544,-0.0338344,28.227,3.154,356.793,0.252,11972,36.981404786730316,10.726721492609007,0.9999999913929849
12.529001,861141587,5001,-5.6279,9.1095,-4.8311,12.81,18.41,3.29,0.9656136,0.2566326,0.0161092,-0.0383477,29.671,2.911,356.223,0.252,11972,22.668222250542723,11.747160332182412,0.9999999841538247
12.581002,861193588,5001,-5.6853,9.9924,-4.8885,-4.06,8.33,16.17,0.964351,0.2605931,0.0131956,-0.0440954,30.135,2.776,355.511,0.252,11972,18.637097413492263,12.492722925767625,1.0000000715645623
12.632002,861244588,4999,-6.0371,11.0764,-4.989,-30.45,1.4,-4.62,0.9655146,0.2556089,0.0091772,-0.0485958,29.547,2.44,354.881,0.252,11972,30.83029192206911,13.565520055272485,1.000000062674923
12.684002,861296588,5001,-6.5898,11.0333,-5.0608,-70.42,-10.22,-13.16,0.9711108,0.2345696,-0.0005856,-0.0438242,27.111,1.113,355.101,0.252,11972,72.36442772522975,13.811982825430967,0.9999999932769
12.736371,861348957,5369,-6.4822,9.8991,-5.147,-103.53,-26.39,16.45,0.9793206,0.1958415,-0.0086947,-0.0500188,22.61,0.147,354.182,0.252,11972,108.09947039648252,12.903592780694842,1.0000001044340645
12.788,861400586,4998,-6.4176,7.7097,-5.4341,-122.29,-35.84,-3.01,0.9877995,0.1441068,-0.0161434,-0.0567877,16.652,-0.89,353.289,0.252,11972,127.46925040965763,11.408527804234867,1.0000000371206694
12.840371,861452957,5370,-5.9797,5.6064,-6.1232,-124.25,-50.4,27.72,0.9939919,0.0853607,-0.0205018,-0.065372,9.93,-1.696,352.327,0.252,11972,136.918300091697,10.231427627169143,1.0000000842786665
12.892,861504586,4999,-5.2762,4.0056,-5.9797,-120.68,-67.76,27.02,0.9962627,0.0257906,-0.0166629,-0.0807327,3.101,-1.664,350.689,0.252,16068,141.014752419738,8.924120678812004,0.9999999717726745
12.944371,861556957,5369,-4.1348,3.2375,-6.4463,-111.3,-82.81,23.87,0.9946952,-0.034678,-0.0045181,-0.0967392,-3.906,-0.899,348.921,0.252,16068,140.7656314588188,8.314611294582567,0.999999995315645
12.996001,861608587,5001,-2.613,1.6367,-6.7765,-105.77,-91.07,8.4,0.9901993,-0.0936151,0.0140102,-0.1026906,-10.852,0.488,348.112,0.252,16068,139.82702814549123,7.444965288031907,1.0000000428504492
13.048371,861660957,5369,-0.7825,-0.1938,-6.8626,-99.54,-88.76,5.25,0.9819172,-0.1509513,0.0347563,-0.1088317,-17.71,2.029,347.035,0.252,16068,133.46951599522643,6.9097860639820095,1.000000010971055
13.1,861712586,5000,-0.5886,-0.3589,-8.2552,-84.91,-83.44,-6.37,0.9722276,-0.1964753,0.0550202,-0.1146461,-23.292,3.551,345.817,0.648,11905,119.2162681851768,8.283935430096014,1.00000000018255
13.152372,861764958,5369,0.3517,-1.9238,-7.3651,-73.64,-73.36,-4.55,0.9680199,-0.214572,0.0721868,-0.1080994,-25.653,5.357,346.036,0.76,11844,104.04442176301427,7.6203279023937025,1.000000042177304
13.204,861816586,5000,1.0768,-2.1894,-9.3248,-51.8,-56.21,-5.88,0.9581224,-0.2496584,0.0883423,-0.1089397,-30.064,6.597,345.253,0.252,11972,76.6640626369357,9.638717012133927,1.0000000351388494
13.256372,861868958,5370,0.0431,-2.7135,-8.528,-36.33,-44.31,0.7,0.9502303,-0.2737515,0.1022164,-0.1080477,-33.186,7.765,344.709,0.252,11972,57.30388293998933,8.949397960756913,1.000000002347295
13.308,861920586,4999,0.3159,-0.2584,-9.2674,-27.58,-32.83,-20.65,0.9445106,-0.2899157,0.1132725,-0.1049665,-35.328,8.807,344.508,0.252,11972,47.5908373534234,9.276382168173107,1.000000005998675
13.360369,861972955,5369,1.4285,2.9719,-7.925,-56.49,-54.39,3.85,0.9360628,-0.3130516,0.1258735,-0.0997059,-38.357,9.975,344.363,0.252,11972,78.51251301544232,8.583613857810708,1.0000001371517206
13.411001,862023587,4635,0.3661,-0.3589,-6.9918,-72.52,-69.37,-87.64,0.9258924,-0.3399058,0.1432462,-0.0816566,-41.888,12.108,345.271,0.252,11972,133.23707029201745,7.010570993863481,0.9999999816946997
13.46337,862075956,5370,2.1894,-3.8046,-8.5783,-101.36,-84.07,-32.13,0.905699,-0.3852201,0.168787,-0.0531595,-47.921,15.354,346.425,0.252,11972,135.5505492427087,9.636165441190807,1.0000000939271256
13.515003,862127589,5002,4.3573,-6.5037,-8.1978,-88.9,-71.61,-23.52,0.8819282,-0.4317876,0.18481,-0.0400927,-54.257,16.939,346.069,0.252,11972,116.55210208314563,11.33525923038375,1.0000000210811448
13.56737,862179956,5368,3.5749,-6.2883,-8.729,-54.95,-46.06,-90.72,0.8628737,-0.4622071,0.2036983,-0.0179049,-58.683,19.571,346.547,0.252,11972,115.63366508071947,11.336580961648004,1.0000000041544999
13.619002,862231588,5002,4.1922,-6.6832,-5.9079,-49.56,-42.0,-2.24,0.848109,-0.482446,0.2189784,0.002333,-61.781,21.943,347.084,0.252,11972,65.00162459508225,9.856114117135617,1.00000000067628
13.671372,862283958,5369,3.9338,-5.9725,-6.6616,-36.75,-32.76,-8.54,0.8346028,-0.5033352,0.2237694,0.0043738,-64.871,22.205,346.384,0.252,11972,49.96710617996603,9.77355888353879,1.00000001591484
13.723001,862335587,4999,4.0128,-7.1928,-5.9581,-27.09,-27.72,-2.03,0.8243849,-0.5164667,0.2313892,0.0105251,-66.997,23.103,346.056,0.252,11972,38.812206842693186,10.165524644109619,1.0000000275817746
13.77537,862387956,5370,4.6373,-7.9968,-5.9868,-11.83,-26.67,29.05,0.8164298,-0.5289948,0.2315246,0.0018384,-68.891,22.333,344.837,0.252,11972,41.172081560202905,11.013407091813141,1.0000000684373975
13.827001,862439587,4999,6.3314,-8.4347,-7.3938,18.69,-17.43,-13.16,0.8125745,-0.5316317,0.2388798,-0.0051887,-69.694,22.501,343.498,0.252,11972,28.745549220705456,12.880181228926865,1.0000000319754345
13.879369,862491955,5369,6.4893,-8.2481,-7.2215,47.53,9.17,9.94,0.8182022,-0.5192487,0.2464665,-0.0134291,-68.387,22.915,342.438,0.252,11972,49.4165296231939,12.739396781245178,1.0000000644427929
13.930001,862542587,4634,5.5202,-6.2668,-7.401,69.58,32.76,10.71,0.8329164,-0.4941585,0.2477457,-0.0260738,-65.058,22.764,341.782,0.252,16068,77.64855504128843,11.158861558420734,1.000000063713068
13.981002,862593588,5002,4.3358,-5.0608,-7.6307,76.72,38.71,2.52,0.8508499,-0.4622201,0.2472399,-0.0357686,-60.747,22.809,341.701,0.252,11972,85.9696045122926,10.13106316089284,0.9999999670359946
14.033001,862645587,5001,4.1635,-3.7615,-7.6379,78.47,44.66,-3.5,0.8690314,-0.4274761,0.2445753,-0.0472396,-56.095,22.625,341.61,0.252,11972,90.35655205905104,9.477401063055208,1.0000000237177098
14.085371,862697957,5369,3.3954,-3.3882,-7.4584,73.71,53.97,8.61,0.8874239,-0.38974,0.240083,-0.0542373,-51.015,22.571,342.127,0.252,11972,91.76086911096691,8.867715092401198,0.9999999887457499
14.136002,862748588,4633,2.9073,-3.1513,-8.1691,68.81,60.97,23.94,0.9040816,-0.3553033,0.2282882,-0.0654271,-46.264,21.487,342.454,0.252,11972,95.00147683062616,9.22590265448319,1.0000000910615459
14.188372,862800958,5370,2.0746,-1.407,-8.8223,68.53,66.29,-0.98,0.9205558,-0.3184037,0.2134522,-0.0750621,-41.205,20.193,343.018,0.252,11972,95.35032983687053,9.171509769389116,1.0000000288142896
14.239002,862851588,4633,1.1629,-1.4716,-8.0327,59.92,65.31,-4.9,0.9354933,-0.2814283,0.2006203,-0.0734988,-36.151,19.511,344.592,0.252,11972,88.76830797080679,8.248770348361022,1.0000000903796509
14.290001,862902587,4998,0.9117,0.0,-9.1597,62.44,61.53,-38.99,0.94831,-0.2457772,0.1881581,-0.0699883,-31.351,18.812,346.235,0.252,16068,95.94224616924497,9.204960672376608,1.000000060436168
14.342002,862954588,4999,-0.2297,-0.201,-9.2028,60.13,46.55,-131.11,0.9647706,-0.1920434,0.1764093,-0.0348857,-23.9,19.086,351.783,0.648,16001,151.56632706508395,9.207860279674101,1.0000001156494434
14.394372,863006958,5372,-0.8614,0.603,-10.2724,58.17,27.02,-37.31,0.9776512,-0.1316948,0.1638723,0.0006673,-15.761,18.699,357.467,0.648,16001,74.2015188523793,10.326074797327394,0.99999998260253
14.446001,863058587,4897,-1.7157,1.7157,-10.0642,57.47,19.11,-126.84,0.9825809,-0.0956602,0.1569666,0.0273005,-10.892,18.282,1.425,0.648,11905,140.55738543385047,10.352554014348343,0.9999999648623293
14.498375,863110961,5373,-1.6152,2.6417,-9.8489,35.49,-3.92,-143.22,0.9814002,-0.0754264,0.1548279,0.0848105,-7.377,18.463,8.678,0.648,11905,147.60377671319932,10.324160069468123,0.9999999969528299
14.549003,863161589,4633,-0.3733,2.4191,-10.0355,20.86,-10.22,-71.4,0.9800026,-0.0735478,0.1413922,0.1191376,-6.638,17.137,12.861,0.648,11905,75.08360673276158,10.329697863442087,0.9999999484230987
14.601372,863213958,5370,2.3904,2.6273,-9.8848,3.57,4.2,-154.07,0.9771737,-0.0648133,0.1230035,0.1606267,-5.18,15.142,17.98,0.95,11777,154.16857591610554,10.50361787623674,1.00000000079686
14.652003,863264589,5000,1.9023,2.9934,-8.8654,-15.33,14.49,-217.07,0.9551685,-0.0514051,0.1120101,0.2691922,-2.238,13.984,31.204,0.648,11905,218.09253517715823,9.548534233587896,1.0000000253705548
14.703,863315586,5000,1.5864,-0.0287,-9.9063,-19.67,23.31,-79.59,0.9399077,-0.0318566,0.0719651,0.3322341,-0.7,9.001,38.879,0.95,11777,85.23399028556625,10.032560407991571,0.99999990015183
14.755,863367586,4999,0.3517,-0.2512,-8.9731,-13.37,42.63,-121.59,0.9243787,-0.0164972,0.0399582,0.3790187,-0.012,4.955,44.589,0.95,11777,129.5384186255182,8.983502542995133,0.99999998565923
14.806001,863418587,5000,0.1507,-0.6245,-9.6479,19.39,37.59,-129.78,0.8981721,-0.0015609,0.0315226,0.4385097,1.426,3.325,52.087,0.95,15875,136.49845640152859,9.669264974650348,0.999999994466035
14.858003,863470589,5001,-2.4263,0.2871,-9.6838,40.11,11.76,-54.67,0.8813683,0.0077704,0.0375267,0.4708729,2.816,3.373,56.31,0.95,11777,68.81801072393768,9.987258910231574,1.000000000264175
14.909,863521586,5000,0.5527,1.3137,-9.9278,46.34,-3.15,-198.17,0.8536807,0.0092687,0.0476658,0.5185279,3.751,4.116,62.684,0.95,11777,203.54033261248247,10.02958113881133,0.9999999289601125
14.96,863572586,4628,-1.5075,1.2275,-8.284,45.01,-18.48,-153.16,0.8144903,0.0045603,0.0435004,0.5785262,3.318,3.76,70.881,0.95,11777,160.7028192036468,8.509052150504193,1.000000047008389
15.010999,863623585,5000,1.4429,2.8355,-9.253,36.12,-32.76,-224.0,0.7633483,0.0005107,0.0422353,0.6446048,3.173,3.659,80.46,0.95,11777,229.2463129474496,9.784683421552279,1.0000000283382546
15.063001,863675587,4998,2.1033,2.4766,-8.4993,10.78,-32.97,-297.85,0.6659898,0.0035462,0.0328622,0.7452283,3.081,2.206,96.487,0.95,11777,299.8630550768134,9.099204302575034,1.0000000662741029
15.114001,863726587,5001,2.656,0.6676,-8.9085,-13.86,-21.21,-224.35,0.5802892,0.0109585,0.0085065,0.8142924,1.523,-0.457,109.044,0.95,15875,225.77618607816015,9.319946245016652,1.0000000587994482
15.166002,863778588,5001,4.264,-0.2082,-8.8798,-33.6,12.18,-396.62,0.4450074,0.0261466,-0.0150518,0.8950186,-0.211,-3.451,127.133,0.95,15875,398.22699155130107,9.852709844504709,1.0000000408877592
15.218373,863830959,5372,4.7952,-1.005,-8.9515,-23.59,22.75,-189.63,0.3487828,0.0636121,-0.0231952,0.9347546,0.058,-7.765,139.072,0.95,15875,192.44112736107112,10.204573498681853,1.000000060183223
15.270003,863882589,5000,1.6798,-0.9332,-8.808,-5.6,30.17,-271.67,0.2447476,0.079334,-0.0141577,0.966232,0.666,-9.221,151.518,0.95,15875,273.39747219021615,9.015179104155392,0.9999999947775249
15.321001,863933587,5001,1.8162,-3.0724,-9.0305,9.1,37.31,-204.19,0.1478395,0.0975097,-0.0051228,0.9841794,1.095,-11.154,162.807,0.95,11777,207.77007051064888,9.710208774789551,0.99999999690927
15.373,863985586,4998,1.4429,-2.9001,-9.5043,23.73,39.41,-276.29,0.0359536,0.1026319,0.0154496,0.9939494,2.229,-11.707,175.628,0.95,11777,280.09360060522624,10.04112836836578,1.0000000340755444
15.424,864036586,5000,0.3015,-2.0602,-8.5424,36.82,37.1,-308.35,-0.0925972,0.0928278,0.0381027,0.9906347,3.405,-11.01,190.352,0.95,11777,312.7488527556896,8.79249248222596,1.0000000832460265
15.476003,864088589,5002,-0.0718,-1.6439,-11.1338,41.93,28.21,-310.03,-0.2433378,0.0754405,0.0511412,0.9656501,3.611,-9.822,207.977,0.95,11777,314.1218392598642,11.25473522078596,1.000000045958269
15.528374,864140960,5373,-1.651,2.4335,-10.3298,36.4,9.24,-225.89,-0.3559637,0.0553669,0.054925,0.9312399,3.642,-8.176,221.578,0.95,11777,228.99045766144926,10.740227711273164,1.000000078155152
15.579003,864191589,4632,0.1651,-4.666,-9.5186,26.25,3.85,-149.45,-0.4153565,0.044768,0.0487817,0.907246,2.964,-6.993,229.017,0.95,11777,151.78665125761222,10.602007355685053,1.000000077343567
15.630002,864242588,5001,-0.3302,0.3661,-9.7053,-2.52,16.1,-188.16,-0.4820875,0.0367476,0.0436835,0.8742614,2.36,-6.106,237.621,0.95,15875,188.86435873398665,9.717814020652998,0.9999999937321099
15.682,864294586,5000,-0.5384,-0.8614,-9.612,-1.61,15.82,-105.42,-0.5423706,0.0323074,0.0431045,0.8384107,2.145,-5.793,245.689,0.95,15875,106.61257383629757,9.665527844872209,1.0000000678169276
15.734373,864346959,5372,-0.4953,-1.4716,-9.6263,4.27,16.73,-84.63,-0.5761007,0.0212549,0.0374879,0.8162419,2.11,-4.467,250.346,0.95,15875,86.37339115723081,9.750722041982327,0.9999999846382598
15.785001,864397587,4631,-1.6869,1.0911,-11.0764,3.5,20.72,-347.48,-0.6509084,0.017505,0.0337864,0.7582021,1.634,-4.044,261.234,0.95,11777,348.1148069243824,11.257120758879687,1.0000000577424633
15.836001,864448587,5000,-1.0624,1.73,-8.9874,-9.24,9.45,-149.94,-0.7288522,0.0377008,0.0223172,0.683268,-1.407,-4.821,273.757,0.95,11777,150.5213729009937,9.213845696559064,1.0000000485026588
15.888003,864500589,5002,-4.142,3.74,-10.5882,-8.33,13.58,-328.37,-0.804913,0.0427729,0.006247,0.5918162,-3.53,-3.479,287.457,0.76,11844,328.756235226041,11.968865578658656,0.9999999490674237
15.940373,864552959,5372,-0.5599,0.1507,-8.2696,-6.72,9.87,-172.83,-0.8781101,0.0480771,-0.0127257,0.4758669,-5.542,-1.341,303.156,0.95,11777,173.24198163262855,8.289902451778307,1.0000000026112599
15.992001,864604587,5000,-1.8664,0.524,-9.4325,-14.84,2.31,-181.09,-0.9066798,0.0465726,-0.0206932,0.4187296,-5.842,-0.085,310.427,0.95,11777,181.7117216912547,9.629645954550977,0.9999999766205998
16.044374,864656960,5373,-0.9332,1.4213,-9.6335,-14.49,10.29,-262.64,-0.9344123,0.0655682,-0.0222969,0.3493958,-7.939,-0.238,319.013,0.95,11777,263.24060059193,9.782396341387932,1.0000000560248883
16.096001,864708587,4997,-3.2518,-0.1579,-8.126,-14.0,19.95,-446.18,-0.9793674,0.0672526,-0.0456792,0.1850134,-8.566,3.703,338.327,0.95,11777,446.84515763293217,8.753914076000518,0.9999999819408599
16.148373,864760959,5373,0.2584,0.2082,-9.3248,-6.16,25.55,-410.13,-0.9967239,0.0585558,-0.0435755,-0.0348424,-6.555,5.218,3.705,0.95,11777,410.9712459528038,9.330702698082282,1.0000000657914279
16.199,864811586,4632,-1.4142,2.6345,-12.3685,0.35,11.97,-171.29,-0.9876967,0.0490155,-0.0333661,-0.1447045,-5.017,4.594,16.469,0.76,11844,171.7080880447977,12.724792498897575,0.9999999896903
16.251372,864863958,5372,-0.9117,1.4644,-9.4469,4.41,20.37,-277.76,-0.9696218,0.0518104,-0.0253593,-0.2377102,-5.086,4.233,27.362,0.95,15875,278.5408454787197,9.603102824608303,0.999999992931965
16.302001,864914587,4632,1.0193,-1.0696,-9.7412,3.43,5.74,-190.96,-0.9401826,0.0477635,-0.0178746,-0.3368323,-4.47,3.772,39.274,0.95,11777,191.07703708190581,9.852613566460423,1.0000000864617262
16.353,864965586,4998,0.4307,0.9045,-9.3177,10.36,15.12,-293.93,-0.8987463,0.0339635,-0.0107833,-0.4370189,-2.963,2.813,51.79,0.95,11777,294.500914939156,9.3714009641035,1.0000001148060134
16.405002,865017588,5002,-0.2082,0.3374,-9.2818,4.41,11.97,-143.01,-0.8480728,0.0281825,-0.0015038,-0.5291278,-2.65,1.855,63.879,0.95,11777,143.57781548693376,9.29026357214907,1.000000108776679
16.456001,865068587,5000,-0.3876,1.73,-8.808,10.64,-5.81,-186.97,-0.8092409,0.0343209,-0.0029211,-0.5864663,-2.991,2.578,71.795,0.95,11777,187.36260726196141,8.984653457980446,1.00000000613526
16.508002,865120588,5003,-0.3948,0.323,-10.1432,13.02,-16.66,-265.02,-0.7320956,0.0333556,-0.0009921,-0.6803841,-2.725,2.685,85.743,0.95,11777,265.86213795875483,10.156018032674027,1.0000000356929695
16.560373,865172959,5373,3.2088,1.5218,-10.1575,7.07,-18.55,-162.96,-0.6747682,0.0339808,0.0036998,-0.7372379,-2.944,2.586,95.0,0.95,11777,164.16470083425367,10.760440461709734,1.0000001141081585
16.611,865223586,4631,3.1226,-0.0144,-8.6142,-0.49,-10.99,-280.91,-0.5972355,0.0134345,0.0077927,-0.8019156,-1.636,0.701,106.635,0.95,11777,281.1253248997678,9.162711376006559,1.0000000419735742
16.663373,865275959,5372,2.3258,-0.0072,-9.0879,-8.82,-2.17,-230.86,-0.4944266,-0.0046756,0.0169579,-0.8690413,-1.424,-1.427,120.744,0.95,11777,231.03861343939894,9.380795482793555,0.9999999377505081
16.715002,865327588,5001,5.2259,-0.0718,-9.813,-11.34,18.55,-92.82,-0.4191531,-0.0330539,0.0217546,-0.9070528,-0.676,-4.485,130.423,0.95,15875,95.33231613676445,11.118010390802844,0.9999999630769093
16.767375,865379961,5372,1.4429,-1.3065,-9.1813,7.28,26.67,-213.15,-0.3584839,-0.0538872,0.009183,-0.9319342,1.24,-6.144,137.853,0.95,15875,214.93536191143608,9.385370123229025,1.000000108750839
16.819002,865431588,5001,1.8377,-1.2562,-9.4397,13.93,20.58,-65.24,-0.2903998,-0.063033,-0.0043884,-0.9548171,2.597,-6.766,146.013,0.95,15875,69.81288491388963,9.698614118522295,1.0000000777180018
16.871372,865483958,5372,3.46,0.6604,-7.4943,10.15,20.44,121.24,-0.3284462,-0.0801798,-0.0184036,-0.9409333,5.058,-7.978,141.163,0.95,15875,123.36917645830339,8.28083695347276,0.999999937082163
16.923,865535586,4998,0.0861,-2.0459,-9.5258,-0.7,30.8,152.46,-0.3893769,-0.0874916,-0.038257,-0.9161153,8.014,-7.499,133.42,0.95,11777,155.54157514954002,9.74340729211296,0.99999999563363
16.975373,865587959,5373,4.1563,2.5196,-9.6191,-4.55,20.65,98.7,-0.444531,-0.0836246,-0.0481545,-0.8905505,9.266,-6.092,126.452,0.95,11777,100.93966019360279,10.777304795726991,0.9999999663033294
17.026001,865638587,4631,-1.0696,-0.481,-9.5689,-4.97,19.25,117.32,-0.4948387,-0.077268,-0.0476403,-0.8642308,9.173,-4.957,120.013,0.95,11777,118.99262918349186,9.640500628598081,1.000000078347207
17.078373,865690959,5372,1.3352,-0.402,-10.5021,-1.68,2.94,157.22,-0.5461463,-0.0675078,-0.0489271,-0.8335304,8.95,-3.388,113.267,0.95,11777,157.25646059860307,10.594265781544278,0.9999999364515479
17.130002,865742588,5002,-0.2512,-0.6963,-10.337,-2.8,-6.65,323.12,-0.6468183,-0.0538855,-0.0521238,-0.7589504,8.56,-0.823,99.06,0.95,11777,323.20055213442936,10.363469695521863,1.0000000802558666
17.182372,865794958,5372,1.0265,-0.3589,-9.5617,-2.94,-10.92,195.86,-0.7270373,-0.0418784,-0.0499217,-0.683499,7.421,0.879,86.521,0.95,11777,196.18621154403283,9.623337173247126,1.000000047554869
17.234,865846586,4997,-1.0768,0.6963,-9.5904,-1.4,-26.95,296.1,-0.7911399,-0.0263703,-0.0463244,-0.6093081,5.639,2.359,75.321,0.95,11777,297.3272145297164,9.675748244451176,1.0000000224275347
17.286373,865898959,5373,2.2038,0.4092,-9.6048,4.97,-37.8,355.39,-0.8767161,-0.0078734,-0.0384694,-0.4794029,2.911,3.434,57.428,0.95,11777,357.42914402717633,9.862877983631348,1.0000000728457674
17.337003,865949589,4631,-0.1436,1.5362,-9.5761,13.3,-37.8,408.24,-0.9449549,-0.0006887,-0.0387612,-0.3248961,1.522,4.175,38.004,0.95,11777,410.201935149019,9.699599095323476,1.0000000718811723
17.389376,866001962,5373,0.3876,2.5699,-10.739,6.37,-10.85,188.09,-0.9788908,0.0183003,-0.0395844,-0.1996772,-1.151,4.865,23.01,0.95,11777,188.51033791280523,11.049015375588905,1.000000004113965
17.440001,866052587,4632,0.0502,2.2325,-9.2674,-7.63,1.82,241.85,-0.9946523,0.0174085,-0.0223626,-0.0993159,-1.732,2.748,11.363,0.95,15875,241.97717206381267,9.53264281560995,0.9999999938195551
17.491003,866103589,5003,-0.5743,1.9597,-8.4203,-18.06,-4.48,87.08,-0.9982862,0.0357469,-0.005699,-0.0459819,-4.063,0.84,5.245,0.95,11777,89.04583314226444,8.66439245821656,0.99999999584933
17.543,866155586,5000,-0.3948,0.6963,-11.1984,-18.76,-33.39,359.94,-0.9972464,0.0396709,-0.0073753,0.0622209,-4.591,0.56,352.837,0.95,11777,361.9718681057963,11.226970352236616,0.9999999990333349
17.595375,866207961,5374,-1.0696,0.7753,-9.2889,-1.61,-47.81,510.37,-0.9647022,0.0521927,-0.0216621,0.2572086,-6.422,0.856,330.094,0.95,11777,512.6069889301159,9.382366303870256,0.9999999615542492
17.646001,866258587,4628,-1.4213,0.0215,-10.2652,21.28,-36.61,481.11,-0.885412,0.050847,-0.0353373,0.4606642,-7.043,0.901,304.97,0.95,11777,482.96993964428054,10.363150437005148,1.0000000285429647
17.698373,866310959,5373,1.8305,0.28,-10.3872,31.71,-13.86,251.93,-0.8134756,0.0358406,-0.0307304,0.5796797,-5.39,0.484,289.03,0.95,11777,254.29578958370504,10.550974082519586,1.000000006239985
17.750001,866362587,5001,-1.9382,0.1795,-7.7815,37.87,3.64,284.9,-0.7356652,0.020991,-0.0177975,0.676786,-3.151,-0.128,274.778,0.252,11972,287.4289416534111,8.021258114535401,0.9999999746871446
17.801001,866413587,5001,-2.3545,1.7731,-10.6672,34.72,5.18,108.92,-0.6815907,0.0144281,-0.0245336,0.73118,-3.184,0.707,265.96,0.95,11777,114.43721946989099,11.066919612069114,1.0000000711625274
17.853001,866465587,4998,-1.8305,2.4048,-8.8008,15.05,-14.7,247.94,-0.6298653,0.0063842,-0.0325784,0.7759946,-3.361,1.784,258.079,0.95,11777,248.8309387917829,9.305260551430036,1.0000000127647248
17.904003,866516589,5003,-4.4363,2.6273,-9.5976,-13.65,-18.83,220.08,-0.5398658,0.0102216,-0.0591759,0.8396063,-6.346,2.678,245.333,0.95,15875,221.30544005966053,10.894833121255232,1.000000044628349
17.956,866568586,5000,-1.7587,0.7178,-11.4712,-25.06,-22.68,190.26,-0.4514323,0.0178107,-0.0684003,0.8895016,-7.922,1.723,233.697,0.252,16068,193.23885116611513,11.627411232514312,1.0000000199802148
18.008371,866620957,5370,-2.9216,-0.4092,-7.5805,-15.4,-45.99,324.24,-0.3439613,0.0169405,-0.0784658,0.9355462,-9.12,1.277,220.271,0.95,15875,327.84724751017814,8.134320589330125,0.9999999652710094
18.060002,866672588,5000,0.7753,-1.8951,-11.4999,-1.19,-38.5,73.5,-0.2566519,0.0006439,-0.0851447,0.962746,-9.464,2.434,209.652,0.76,11844,82.98142020958667,11.680761709323583,1.0000000464174539
18.112377,866724963,5374,1.2921,0.1149,-9.2674,7.35,-53.76,387.8,-0.1485777,-0.0040693,-0.086302,0.9851194,-9.725,1.929,196.99,0.95,11777,391.5775786482163,9.357746907242149,1.0000000798000668
18.163002,866775588,4636,0.0646,-2.1751,-8.2265,20.09,-38.01,546.77,0.0644321,-0.0103034,-0.0808401,0.994589,-9.331,0.577,172.54,0.648,11905,548.4576566153489,8.509438020222017,1.0000000281254895
18.215374,866827960,5372,-0.0718,0.3159,-9.9781,11.55,-22.4,385.42,0.2636189,-0.0125665,-0.0572258,0.962846,-6.709,-0.342,149.396,0.95,11777,386.2431085469358,9.983357534416966,1.0000000266305495
18.267,866879586,4999,0.8686,-1.9382,-11.2128,7.07,-13.23,287.28,0.420693,-0.0152578,-0.0424014,0.9060832,-5.145,-0.46,130.21,0.95,11777,287.67136840499086,11.412185112413836,1.0000000223770196
18.319372,866931958,5372,0.5025,0.8255,-10.4303,-2.38,-13.44,186.13,0.521292,-0.0134637,-0.0367393,0.8524808,-4.398,-0.879,117.142,0.95,11777,186.62978031386095,10.474975636725844,0.999999955507409
18.371002,866983588,4999,1.1342,-1.4572,-8.8008,11.69,0.42,195.65,0.5843859,0.0002129,-0.0276666,0.811004,-2.559,-1.873,108.491,0.95,11777,195.9993749990035,8.992436940006865,0.9999999271083874
18.422001,867034587,4999,1.0839,1.651,-10.3442,13.65,-4.48,334.95,0.6709529,0.0143381,-0.0136083,0.7412365,-0.054,-2.265,95.699,0.95,11777,335.25795352235866,10.531054735875227,1.0000000549455785
18.474003,867086589,5003,-2.6919,1.2921,-10.94,9.03,0.28,319.97,0.7843651,0.0129653,-0.0068057,0.6201266,0.682,-1.533,76.651,0.95,11777,320.0975167038945,11.340169664515605,1.000000013341075
18.525,867137586,4997,-1.7803,3.4744,-10.4662,10.01,-25.55,186.06,0.8406201,-0.009604,0.0047452,0.5415192,-0.631,1.053,65.573,0.95,15875,188.07266202188984,11.170598278069084,0.9999999751158447
18.577003,867189589,5001,-0.2154,-0.0287,-11.3779,22.19,-38.01,302.33,0.9046361,-0.019253,0.01892,0.4253293,-1.075,2.901,50.335,0.95,15875,305.5169145890289,11.37997492352246,1.0000000656353478
18.629373,867241959,5372,-0.0861,2.7206,-9.5976,13.51,-29.54,113.96,0.9336781,-0.0290364,0.0312919,0.3555601,-1.838,4.536,41.623,0.95,15875,118.49900126161401,9.976121657738542,1.0000000373310942
18.680003,867292589,4632,0.725,2.4335,-8.2193,4.27,-31.01,281.82,0.9622289,-0.0432519,0.0104872,0.2685796,-4.455,2.488,31.094,0.95,11777,283.55310860577777,8.602583317817968,1.0000000828744067
18.731003,867343589,5000,-0.4092,1.1773,-8.9013,-4.9,-23.8,163.87,0.98533,-0.0504049,0.0085676,0.1628209,-5.543,1.908,18.674,0.95,11777,165.66178466985076,8.988137828271215,0.9999999560452891
18.783,867395586,4998,0.402,0.4164,-9.0664,-4.48,-23.03,153.09,0.9933558,-0.0576517,0.0076823,0.0993066,-6.491,1.531,11.331,0.95,11777,154.87736890843672,9.084855635616892,1.0000001412216801
18.834001,867446587,5000,4.2927,2.0746,-10.8969,0.63,-13.02,97.44,0.9977815,-0.0533611,0.0123966,0.0378286,-6.061,1.649,4.255,0.252,11972,98.30804087153807,11.894270387880042,1.0000000037024899
18.885001,867497587,4632,0.9906,2.2397,-9.6335,-18.76,22.96,82.11,0.9983367,-0.0571398,-0.0076882,-0.0002142,-6.552,-0.881,0.026,0.648,11905,87.29920560921502,9.939912811488842,1.0000001388058954
18.936001,867548587,5000,-2.0459,-1.6367,-8.4921,-17.43,18.2,15.75,0.9985915,-0.0500845,-0.0093795,-0.0147865,-5.726,-1.158,358.361,0.95,15875,29.717123010143492,8.887083667323045,1.0000000283074997
18.988,867600586,4631,-1.127,1.9669,-8.3557,-28.28,1.26,120.05,0.997203,-0.0677426,-0.0119987,-0.0292105,-7.727,-1.598,356.752,0.95,11777,123.34240349531056,8.657744920012371,1.0000000525878485
19.040375,867652961,5372,-0.6748,0.6461,-9.3607,-48.65,-8.05,262.01,0.988647,-0.0811902,-0.0234249,-0.1242441,-8.92,-3.813,345.972,0.95,15875,266.6099493642351,9.407204937705991,1.0000000307549295
19.092002,867704588,5000,2.0315,-1.5577,-10.6026,-49.84,-10.01,234.64,0.9693402,-0.0769893,-0.0329216,-0.2310158,-7.742,-5.704,333.577,0.95,11777,240.08364229992847,10.907270433064362,0.9999999536233639
19.144001,867756587,5000,0.5815,-0.5168,-9.5976,-48.44,-22.4,323.4,0.9370734,-0.0737294,-0.0371813,-0.339227,-6.533,-6.875,320.592,0.95,11777,327.77393673079007,9.629078369709118,0.9999999940053049
19.196003,867808589,4635,0.4522,-3.6682,-11.5214,-42.07,-44.87,462.91,0.8589225,-0.0588107,-0.02756,-0.5079705,-4.212,-6.148,299.026,0.252,11972,466.97844693304637,12.099703882327038,1.0000000709554926
19.248002,867860588,5000,1.0481,-2.5484,-8.6213,-12.81,-33.53,80.08,0.788457,-0.0535138,-0.0166983,-0.61253,-3.681,-5.272,284.484,0.95,11777,87.7562727102741,9.050948561338751,1.000000000881165
19.300001,867912587,4999,1.6439,-1.5936,-9.21,10.5,-22.75,126.21,0.7549053,-0.0281252,-0.0185133,-0.6549689,-1.046,-3.715,278.143,0.95,11777,128.67313861097816,9.490314439996181,1.0000000205436148
19.352372,867964958,5372,1.1055,-2.8929,-9.6766,30.94,17.78,72.87,0.7203518,-0.0017013,-0.0339522,-0.6927754,2.559,-2.939,272.17,0.95,11777,81.13845512455855,10.160097845001298,1.0000000584574633
19.403002,868015588,4631,1.8592,-0.2656,-9.9494,35.28,28.84,-30.52,0.7246094,0.0162815,-0.0529879,-0.6869268,5.54,-3.12,272.907,0.95,11777,54.844274085815016,10.12510386909685,1.0000000079576299
19.454,868066586,4997,0.0718,-2.4837,-10.3872,32.9,32.55,-84.7,0.7409476,0.029159,-0.0754561,-0.666673,8.291,-4.183,275.738,0.95,11777,96.51944104686889,10.680254901920646,1.0000000525914836
19.506001,868118587,4914,0.5886,0.7322,-10.5236,54.6,25.55,-109.2,0.7678465,0.0439397,-0.0854114,-0.6333924,10.147,-4.33,280.577,0.95,11777,124.73412724671626,10.565449529480514,0.9999999922130299
19.558372,868170958,5372,-0.201,-1.7157,-9.5761,65.52,18.83,-38.08,0.7867186,0.0640977,-0.0927051,-0.606936,12.35,-3.903,284.279,0.95,11777,78.08665506986453,9.73065869815605,1.0000001071966242
19.610002,868222588,5001,1.7228,1.5003,-9.3751,62.09,9.1,20.58,0.7940931,0.0703166,-0.0893825,-0.5970616,12.637,-3.324,285.754,0.95,11777,66.0417633017169,9.649426922879927,1.0000000306019894
19.661001,868273587,4999,0.2154,4.8455,-9.1382,26.04,4.2,64.19,0.779677,0.0691244,-0.0885975,-0.6160164,12.548,-3.038,283.042,0.76,11844,69.39796610852511,10.345625483749158,1.0000000645397829
19.713,868325586,4999,0.0431,1.73,-8.5783,-7.14,1.4,-30.52,0.7806908,0.0593025,-0.0826274,-0.6165856,11.233,-3.204,283.082,0.648,11905,31.375308763420957,8.751113557713671,1.0000000005345049
19.764,868376586,4998,-0.7394,0.481,-9.8919,-5.18,0.07,-67.69,0.798104,0.0417897,-0.071886,-0.5967547,8.791,-3.719,286.142,0.95,11777,67.88794738390608,9.931150938838861,1.0000000714050874
19.816003,868428589,5001,1.1701,2.0674,-9.7412,3.57,-8.12,-0.14,0.8022448,0.0295907,-0.0658435,-0.5926148,7.229,-4.047,286.838,0.95,11777,8.871240048606508,10.026677127044632,0.9999999981624099
19.867002,868479588,5002,-1.8736,6.6616,-10.5954,-7.98,-5.81,-17.43,0.8086865,0.0098574,-0.0549916,-0.5855808,4.622,-4.439,288.003,0.76,11844,20.03101095801208,12.655030331058082,0.9999999865081048
19.919,868531586,4999,0.3661,2.3402,-9.7555,-42.91,-8.4,-41.09,0.8211426,-0.0264899,-0.0425398,-0.5685186,0.28,-5.738,290.592,0.95,11777,60.001801639617454,10.038941453161284,0.9999999587333841
19.971375,868583961,5373,1.2778,3.6179,-9.4325,-53.13,0.49,-53.9,0.8311001,-0.0621515,-0.0386366,-0.5512868,-3.512,-7.628,293.12,0.95,11777,75.68518349056174,10.183026539295671,1.0000000539430285
20.023003,868635589,5000,1.7803,1.9382,-8.9587,-66.43,17.15,-45.92,0.8408086,-0.0991811,-0.0444029,-0.5303137,-6.989,-10.362,296.154,0.95,11777,82.55733643959209,9.337258324583292,1.0000001151836284
20.075373,868687959,5372,3.3739,0.926,-9.2387,-82.46,38.57,-31.29,0.845212,-0.1322204,-0.0640449,-0.5138411,-9.359,-14.131,298.568,0.95,11777,96.26193744154538,9.878980458529108,0.99999999219269
20.127,868739586,4997,2.3833,1.0624,-8.9587,-90.58,62.58,-35.56,0.8452678,-0.1575987,-0.0888471,-0.5027835,-10.73,-17.979,300.212,0.95,11777,115.69574927368767,9.330976280111315,1.0000000295045945
20.179369,868791955,5369,1.3137,-0.7178,-7.7815,-94.57,97.23,-51.31,0.8497463,-0.1968274,-0.120992,-0.4738684,-13.826,-23.089,304.544,0.76,11844,145.0168055778364,7.924189976268869,1.000000062168503
20.231001,868843587,5001,-1.2562,-2.2612,-6.7549,-94.64,116.34,-38.64,0.8458819,-0.2414069,-0.1641469,-0.4463881,-17.519,-29.552,309.012,0.252,11972,154.87018693086154,7.233238409592207,1.00000001035822
20.283002,868895588,5000,-1.407,-2.0171,-6.475,-91.91,116.76,-38.36,0.8385328,-0.2837224,-0.2099832,-0.415056,-21.879,-35.992,314.517,0.252,16068,153.4660721462565,6.926324162930868,1.000000042177919
20.336002,868948588,4999,-4.745,-4.544,-6.2022,-87.92,114.52,-22.75,0.8241783,-0.3237146,-0.2573487,-0.3869246,-26.945,-42.432,320.329,0.252,11972,146.15854165939123,9.034945812787146,1.00000000596045
20.388001,869000587,4999,-6.8411,-4.7593,-6.0945,-73.57,102.13,-19.88,0.8083212,-0.3558199,-0.3000328,-0.3605402,-32.344,-47.87,326.592,0.252,11972,127.4295734906148,10.324462017461249,0.9999999402486632
20.44,869052586,4633,-7.3866,-6.4463,-6.2668,-72.24,77.98,-16.8,0.7924098,-0.3850312,-0.333069,-0.3360101,-38.737,-51.869,333.446,0.252,11972,107.6184835425588,11.63569617556251,1.0000000310862447
20.492,869104586,4998,-6.5683,-5.4915,-4.9675,-51.73,58.03,-14.91,0.7771662,-0.4086329,-0.3574687,-0.318195,-44.803,-54.654,339.517,0.252,16068,79.15669207338063,9.898241934303282,1.0000000394447692
20.544,869156586,4633,-7.803,-5.7428,-5.0824,-40.74,45.01,-17.85,0.7651823,-0.424456,-0.3763669,-0.304436,-49.713,-56.555,344.596,0.252,16068,63.27930309350759,10.940628437160271,1.0000000848404464
20.596001,869208587,4999,-6.9129,-6.4893,-4.6875,-41.86,40.53,-3.85,0.7549977,-0.4409763,-0.3894116,-0.2896153,-55.045,-57.505,349.936,0.252,16068,58.39317597116978,10.57694933097441,1.0000000201878148
20.648002,869260588,4633,-6.4534,-5.4772,-4.5727,-34.3,42.28,-3.71,0.7426443,-0.4518853,-0.4062462,-0.2815017,-59.414,-59.071,354.31,0.252,16068,54.56970313278239,9.620586088695429,1.0000000313979545
20.700372,869312958,5369,-7.9394,-7.0349,-4.1994,-26.95,41.79,4.13,0.7313666,-0.4600751,-0.4236627,-0.2719261,-63.809,-60.449,359.08,0.252,16068,49.89752999898893,11.408718189612715,1.000000044234034
20.752001,869364587,4999,-6.719,-5.8217,-3.8548,-16.1,41.16,-3.92,0.7239636,-0.4658007,-0.4372717,-0.2601924,-67.66,-61.108,3.634,0.252,11972,44.37028284787014,9.69002760212787,1.0000001054420444
20.80437,869416956,5370,-7.8174,-5.9007,-3.6538,-17.85,42.42,-1.68,0.7172222,-0.4693592,-0.4517342,-0.2474481,-71.408,-61.675,8.374,0.252,11972,46.05324418539915,10.453719801582592,1.000000046220364
20.856003,869468589,5003,-7.3866,-6.4606,-3.2662,-13.3,34.65,12.18,0.7088599,-0.4713319,-0.4665917,-0.2401169,-74.847,-62.604,12.478,0.252,11972,39.06232071958859,10.342595146287028,1.0000000289800597
20.90837,869520956,5370,-7.6738,-6.2955,-2.9862,-0.91,36.96,1.96,0.7029267,-0.4673819,-0.4822012,-0.2343722,-77.182,-63.765,15.92,0.252,11972,37.02311845320434,10.365226342439417,1.0000000557173885
20.960002,869572588,5002,-7.7958,-5.8146,-2.4263,-1.4,26.88,-1.47,0.7016197,-0.4646735,-0.4920067,-0.2230199,-79.009,-63.853,19.113,0.252,11972,26.956544659878052,10.02352245919567,1.0000000668356177
21.01237,869624956,5370,-7.5733,-5.75,-2.3545,-2.17,29.33,5.04,0.6985561,-0.4620343,-0.5018291,-0.2161281,-80.804,-64.267,21.875,0.252,11972,29.83889073005228,9.795970760470858,1.000000060220058
21.064002,869676588,5002,-7.6092,-5.1757,-1.8951,-5.74,21.7,-22.75,0.6965213,-0.4647834,-0.5074568,-0.2032782,-83.159,-63.62,25.109,0.252,11972,31.95935074434398,9.395701098906883,0.9999999803653649
21.116372,869728958,5370,-5.9366,-4.8024,-1.6439,-9.24,22.12,13.37,0.6933792,-0.4668516,-0.5127825,-0.1957785,-85.11,-63.368,27.544,0.252,11972,27.44865934795359,7.810804858015594,1.0000001223918424
21.168002,869780588,5000,-8.7793,-5.5202,-1.7444,-12.95,27.3,-4.2,0.6866312,-0.4660053,-0.5242122,-0.1912545,-87.904,-63.914,30.917,0.252,11972,30.506269847360887,10.516256362888837,1.0000000294203095
21.22037,869832956,5370,-7.4082,-6.0371,-1.5434,-9.8,23.59,7.07,0.6814961,-0.4694765,-0.5308422,-0.1826519,-90.566,-63.513,34.013,0.252,11972,26.504961799632913,9.680397058488872,1.0000001381209456
21.272002,869884588,5001,-8.5352,-5.6853,-1.8449,-12.53,34.86,-4.83,0.6751772,-0.4693471,-0.5413918,-0.17534,-93.453,-63.594,37.612,0.252,11972,37.357052881617946,10.419977501895097,1.0000000741927422
21.32437,869936956,5370,-9.0879,-6.0873,-1.0481,-15.26,25.27,-7.07,0.6679549,-0.4736521,-0.5499941,-0.164306,-96.772,-62.922,41.482,0.252,11972,30.354989705153912,10.988342063751018,1.0000000159696147
21.376002,869988588,4999,-9.5115,-6.4463,-1.4357,-13.93,14.28,-1.05,0.6619036,-0.4764958,-0.5562413,-0.159471,-99.135,-62.664,43.999,0.252,11972,19.976631347652187,11.579492667211289,1.0000000033886451
21.428369,870040955,5369,-9.1956,-6.8554,-1.1557,-9.87,4.06,-9.03,0.6581065,-0.4808294,-0.558012,-0.1559537,-100.513,-62.182,45.238,0.252,11972,13.980035765333364,11.527845028885494,1.00000001296715
21.48,870092586,4998,-9.2243,-6.5755,-1.0409,-4.48,2.8,7.77,0.6564863,-0.4812002,-0.5595847,-0.1560041,-101.061,-62.234,45.753,0.252,11972,9.395919327027025,11.375780568822519,1.0000001051293095
21.532369,870144955,5367,-10.2796,-7.3651,-1.2921,-4.34,-2.87,6.51,0.6547062,-0.4792686,-0.5624154,-0.1592181,-101.595,-62.754,46.233,0.252,11972,8.333822652300682,12.711585132468729,1.000000042394584
21.584,870196586,4998,-9.4612,-6.9344,-1.0768,8.12,-10.29,4.62,0.6568812,-0.4779472,-0.5604195,-0.1612566,-100.764,-62.924,45.356,0.252,11972,13.898305652128967,11.779631023083873,1.0000000719625424
21.636372,870248958,5369,-10.7175,-7.5446,-1.3926,5.39,-16.59,13.65,0.6606672,-0.4745081,-0.5575406,-0.1658602,-99.254,-63.393,43.795,0.252,11972,22.149553042894567,13.18048292628157,1.0000001063569195
21.688003,870300589,5003,-10.5236,-6.9129,-1.0409,16.17,-40.18,-5.81,0.6674661,-0.4714312,-0.5492847,-0.1747229,-96.253,-63.896,40.312,0.252,16068,43.69962700069647,12.633994466517704,1.0000000722105724
21.74037,870352956,5369,-8.7793,-6.7047,-1.529,28.56,-63.91,-6.58,0.682672,-0.4697985,-0.5282575,-0.1849119,-89.94,-63.508,33.143,0.252,16068,70.30972976765023,11.151993166246111,1.000000043627054
21.792002,870404588,4999,-6.5037,-5.592,-1.608,32.13,-73.08,-11.41,0.7003265,-0.4658504,-0.5024481,-0.2001799,-82.296,-62.906,24.345,0.252,16068,80.6424912809618,8.726639770839633,0.9999999436700134
21.844003,870456589,5001,-5.2116,-4.3286,-2.6704,32.76,-53.97,8.54,0.7172095,-0.4587584,-0.4784456,-0.2150374,-74.992,-62.079,16.186,0.252,16068,63.7095762032679,7.282073103176045,1.0000000060094651
21.896001,870508587,4634,-4.3358,-3.5174,-2.1607,15.96,-19.81,21.07,0.7271952,-0.4499557,-0.4671161,-0.2247878,-70.35,-61.843,11.42,0.252,11972,33.031842213234185,5.986642539019679,0.99999999838679
21.94837,870560956,5370,-3.1155,-2.6632,-1.9167,-11.13,15.68,33.39,0.724859,-0.4427341,-0.4732711,-0.233625,-69.177,-63.25,10.287,0.252,16068,38.5309148606674,4.524678262595032,1.0000001139520036
22.0,870612586,5000,-4.4219,-3.7687,-2.2828,-35.28,42.56,72.03,0.709637,-0.4365202,-0.4963509,-0.243929,-71.514,-66.551,12.648,0.252,11972,90.79841903910001,6.242393382349434,1.000000064874423
22.05237,870664956,5369,-5.4126,-5.8935,-2.1033,-54.95,50.96,105.28,0.6816841,-0.4285576,-0.5320092,-0.2619377,-77.703,-71.775,18.43,0.252,11972,129.22965023554,8.273660127174672,0.9999999881382499
22.104001,870716587,5000,-4.9675,-7.7456,-1.7659,-56.77,40.46,156.59,0.6435727,-0.4103917,-0.5745248,-0.2954896,-89.089,-79.122,28.905,0.252,11972,171.40674607494304,9.369566607906686,1.00000000856869
22.156001,870768587,5000,-7.7599,-11.6363,-1.8951,-19.25,15.47,88.48,0.6126896,-0.392997,-0.6045886,-0.3234774,-113.834,-84.327,52.873,0.252,11972,91.86181905449075,14.114210204967192,1.0000000957589354
22.208002,870820588,4633,-4.1204,-7.6379,-1.9525,12.88,2.1,106.82,0.596253,-0.3558857,-0.6263623,-0.354257,152.947,-87.557,146.754,0.252,11972,107.61420352351263,8.895362208476955,1.00000001219189
22.26037,870872956,5370,-5.6495,-10.0857,-1.5362,13.16,27.79,-45.85,0.5912963,-0.3396226,-0.6386577,-0.3565694,130.801,-85.923,170.177,0.252,11972,55.20590729260774,11.661822549670354,1.000000109805044
22.312,870924586,4999,-5.47,-7.5517,-2.6201,11.06,27.86,-199.64,0.6057225,-0.3677574,-0.6303117,-0.317115,-144.889,-85.437,86.908,0.252,11972,201.87776697794135,9.68576258742697,1.00000000732145
22.364,870976586,4999,-10.4303,-7.5661,-2.211,-4.83,21.35,-363.58,0.6403285,-0.457328,-0.5768387,-0.2192889,-104.135,-69.935,45.996,0.252,11972,364.23833927800626,13.073849788795954,0.9999999974885749
22.416,871028586,4632,-8.3198,-5.0752,1.4859,-4.62,18.69,-168.42,0.6565781,-0.5286737,-0.5208287,-0.13471,-100.386,-55.727,41.589,0.252,11972,169.5168336773667,9.858226305477068,1.0000000006574952
22.468002,871080588,5002,-8.6142,-3.661,-0.1579,11.9,34.02,-240.45,0.6628457,-0.5661498,-0.4844899,-0.0733458,-99.238,-46.497,40.97,0.252,11972,243.1361201055902,9.361212263911122,1.000000043814089
22.520002,871132588,4632,-8.8654,-0.9117,-1.6582,28.49,14.98,-316.96,0.6699108,-0.6225452,-0.4032574,0.0322597,-96.655,-30.008,39.03,0.252,11972,318.5902103015722,9.065105696570779,1.0000001124492588
22.57237,871184956,5370,-10.9831,2.1392,-0.0144,20.37,-23.1,-376.32,0.6634045,-0.6743097,-0.2954395,0.1338531,-94.928,-12.209,36.112,0.252,11972,377.5781896508324,11.18949818401165,1.0000001263370921
22.624002,871236588,5002,-6.3601,5.4126,-3.1155,-24.85,-5.95,-252.63,0.6348888,-0.7148321,-0.1835092,0.2285949,-95.147,5.382,33.715,0.648,11905,253.9189671922915,8.913666530670755,0.9999999871732499
22.676373,871288959,5371,-5.2618,13.4094,-2.7565,-17.99,15.96,-188.65,0.6037928,-0.7279803,-0.1099886,0.305584,-95.079,18.186,33.847,0.252,11972,190.17671834375523,14.666180138331862,1.0000000678529428
22.728002,871340588,5000,-4.6301,6.877,0.5671,-22.4,23.59,-335.16,0.5639852,-0.7354385,-0.0454055,0.3728128,-95.679,29.811,34.169,0.648,11905,336.73502000831456,8.30978684564171,1.0000000681876877
22.78037,871392956,5370,-3.2806,9.4828,-2.1392,-22.68,22.12,-237.72,0.5087747,-0.7336248,0.0342075,0.4491912,-96.279,43.938,34.406,0.252,11972,239.8217571447595,10.259727522697666,0.9999999648744093
22.832001,871444587,4998,-1.3567,9.8489,-1.5434,-33.95,27.44,-272.72,0.4492907,-0.7221142,0.1046579,0.5154957,-96.831,56.986,34.943,0.252,11972,276.19151779154987,10.060991484938253,1.0000000718495123
22.88437,871496956,5369,0.1579,9.21,-1.931,-30.17,23.59,-200.83,0.3827651,-0.7000797,0.1719799,0.5777561,-96.661,70.154,36.405,0.252,11972,204.44903007840367,9.411577625988112,0.9999999526106589
22.936001,871548587,5001,2.6489,8.9731,-3.0652,-10.01,18.62,-222.67,0.3243,-0.675906,0.2302359,0.6204612,-97.357,81.144,36.324,0.252,16068,223.6712619001377,9.845234677751465,1.0000000405951242
22.987003,871599589,5000,3.2518,8.2696,-2.3402,9.1,12.46,16.66,0.2977376,-0.6596634,0.2625866,0.6381574,-98.107,86.661,35.189,0.252,11972,22.707205904734295,9.188962043669568,1.0000000347138194
23.039001,871651587,5000,3.1585,8.2337,-2.8068,10.85,2.38,45.64,0.3128376,-0.6613873,0.2564745,0.6316015,-94.091,84.833,38.381,0.252,11972,46.97229502589798,9.254623935093203,1.0000000742637722
23.090002,871702588,4999,1.9382,9.4469,-2.2181,19.88,1.89,156.03,0.3580448,-0.6771566,0.218985,0.6044076,-93.376,77.257,38.144,0.252,11972,157.30272534193423,9.895479091989433,1.0000000584466784
23.142,871754586,4997,-1.2993,7.2144,-1.3424,13.72,2.45,304.22,0.423889,-0.6934603,0.1572131,0.5609947,-91.56,65.691,38.73,0.252,11972,304.5390768029614,7.452367785475969,1.000000042118394
23.193001,871805587,4998,-2.6345,9.9565,-2.1105,9.94,-6.51,353.5,0.5040019,-0.7071846,0.0657226,0.4914802,-90.783,49.586,38.374,0.252,11972,353.69963768712006,10.513167588790736,1.000000110411779
23.245001,871857587,4998,-5.3336,6.7334,-2.9647,4.55,-3.99,281.82,0.5880869,-0.7038035,-0.0508129,0.3952628,-89.726,29.776,38.171,0.648,11905,281.88496767298534,9.087101331557825,1.00000010021705
23.296001,871908587,4998,-7.0564,8.4706,-1.4931,-10.71,-2.73,122.29,0.6245272,-0.6902533,-0.1053267,0.3498895,-88.475,20.577,38.472,0.648,11905,122.78844041684054,11.125340126486021,1.000000108821929
23.348,871960586,4997,-8.083,6.1807,-2.656,-18.76,-27.44,311.57,0.6586702,-0.674188,-0.1705662,0.2872826,-88.098,9.362,38.072,0.648,11905,313.3380859391338,10.516191206420698,1.0000000062786198
23.400371,872012957,5370,-9.813,2.5555,-1.7731,-8.33,-47.11,454.58,0.6996592,-0.638573,-0.2816855,0.1528227,-88.494,-11.478,35.825,0.252,16068,457.09049147843797,10.294145562405848,0.9999999855095899
23.452,872064586,4998,-9.9709,0.0215,-0.9547,9.38,-45.22,432.81,0.7194449,-0.5803869,-0.3814441,0.0071241,-87.595,-32.724,32.581,0.252,16068,435.26696279409947,10.016524404702462,1.0000001360266109
23.504372,872116958,5370,-7.3938,-4.5727,-6.2955,27.37,-16.87,293.16,0.7183427,-0.4879725,-0.4753914,-0.1409595,-82.786,-55.141,27.22,0.252,16068,294.9177841365285,10.733647282261513,0.9999999796168748
23.556003,872168589,5003,-8.1906,-6.3242,-3.2088,17.85,-17.71,443.38,0.6979097,-0.3976927,-0.538914,-0.253642,-69.949,-72.548,14.405,0.252,11972,444.09243519789885,10.834105013336357,0.99999999827369
23.608002,872220588,5002,-4.3143,-6.0443,-2.211,19.11,5.6,304.43,0.6600118,-0.3036844,-0.5905855,-0.3512394,6.77,-83.177,297.949,0.252,11972,305.08060738106576,7.748242896295907,1.0000000699326026
23.66,872272586,4999,-1.3352,-8.2265,-5.1254,14.28,18.9,401.66,0.5941136,-0.1872739,-0.6396759,-0.4503025,72.499,-68.239,232.844,0.252,11972,402.3579053529333,9.784057770168776,1.000000040936614
23.712372,872324958,5369,-1.8233,-10.2078,-3.6538,-36.47,11.9,191.59,0.5103709,-0.0862378,-0.6685264,-0.5340012,81.704,-50.759,222.796,0.252,11972,195.39293487739008,10.994264785332396,1.0000001214070176
23.764001,872376587,4999,5.6136,-11.7296,-1.6941,-18.41,-0.56,241.43,0.4214975,0.0076561,-0.6737024,-0.606965,83.622,-33.961,219.001,0.252,11972,242.13154813035,13.11358059150894,1.0000000966821052
23.81637,872428956,5367,7.3508,-10.6744,-2.0889,24.36,35.7,105.0,0.378473,0.0501527,-0.6809169,-0.6249761,85.647,-26.919,217.384,0.252,11972,113.54690484553069,13.127855087941823,1.0000000276615546
23.868002,872480588,4999,5.2977,-10.6528,-4.1348,63.49,59.64,41.65,0.3471044,0.0795564,-0.7018218,-0.6169567,89.861,-22.895,215.884,0.252,11972,96.55377879710353,12.595409646772113,1.000000046955224
23.920369,872532955,5369,6.0012,-10.6816,-2.4766,113.82,63.0,-34.02,0.3370323,0.0941194,-0.7343513,-0.5816175,95.988,-22.676,215.079,0.252,11972,134.46692083929042,12.49978110048332,0.9999999904087951
23.972,872584586,4999,5.0608,-6.9129,-3.5103,140.91,60.2,-3.29,0.3353495,0.1201246,-0.7462381,-0.5623518,98.812,-21.432,216.712,0.95,11777,153.2660830059932,9.25862242128925,1.0000000277651295
24.024373,872636959,5370,4.9316,-7.5087,-5.8648,155.54,61.67,20.51,0.3299979,0.1500386,-0.7833526,-0.5049243,107.01,-21.438,217.63,0.252,11972,168.5720635218066,10.728333201853864,1.0000000200758097
24.076001,872688587,5001,4.2999,-5.2977,-5.0824,166.46,74.27,-9.17,0.3219295,0.1793201,-0.8189571,-0.4399033,115.887,-21.686,218.381,0.252,11972,182.50768038633333,8.507970090450483,0.9999999731127797
